initial,day,period,subj1,class1,loc1,subj2,class2,loc2
AH,1,1,HIST,G9J,G9J,,,
AH,1,2,HIST,G11J,SR9,HIST,G11M,SR9
AH,1,2,HIST,G11S,SR9,,,
AH,1,5,HIST,G9M,G9M,,,
AH,1,6,HIST,G12J,SR9,HIST,G12T,SR9
AH,2,2,HIST,G12J,SR9,HIST,G12T,SR9
AH,2,4,HIST,G9L,G9L,,,
AH,2,5,HIST,G11J,SR9,HIST,G11M,SR9
AH,2,5,HIST,G11S,SR9,,,
AH,2,6,HIST,G9G,G9G,,,
AH,4,4,HIST,G11J,SR9,HIST,G11M,SR9
AH,4,4,HIST,G11S,SR9,,,
AH,4,5,HIST,G12J,SR9,HIST,G12T,SR9
AH,5,1,HIST,G9P,G9P,,,
AH,5,4,HIST,G11J,SR9,HIST,G11M,SR9
AH,5,4,HIST,G11S,SR9,,,
AH,5,5,HIST,G9D,G9D,,,
AH,5,6,HIST,G9S,G9S,,,
AK,1,1,MACO,G10J,SR11B,MACO,G10T,SR11B
AK,1,2,MATH,G7J,SR8,MATH,G7T,SR8
AK,1,5,MATH,G8G,G8G,,,
AK,1,6,MATH,G7P,G7P,,,
AK,2,1,MACO,G10J,SR11B,MACO,G10T,SR11B
AK,2,2,MATH,G7P,G7P,,,
AK,2,3,MATH,G8G,G8G,,,
AK,2,6,MATH,G7J,SR8,MATH,G7T,SR8
AK,3,2,MATH,G7J,SR8,MATH,G7T,SR8
AK,3,5,MACO,G10J,SR11B,MACO,G10T,SR11B
AK,4,2,MATH,G7P,G7P,,,
AK,4,3,MATH,G7J,SR8,MATH,G7T,SR8
AK,4,4,MATH,G8G,G8G,,,
AK,5,1,MATH,G8G,G8G,,,
AK,5,2,MATH,G7P,G7P,,,
AK,5,6,MACO,G10J,SR11B,MACO,G10T,SR11B
BT,1,1,ECON,G12J,G12T,ECON,G12T,G12T
BT,1,3,ECON,G11J,G11T,ECON,G11T,G11T
BT,1,4,ECON-X,G12P,G12P,ECON-X,G12T,G12P
BT,1,5,ECON-X,G11D,G11D,ECON-X,G11J,G11D
BT,1,5,ECON-X,G11P,G11D,ECON-X,G11T,G11D
BT,2,1,ECON,G11J,G11T,ECON,G11T,G11T
BT,2,2,ECON-X,G11D,G11D,ECON-X,G11J,G11D
BT,2,2,ECON-X,G11P,G11D,ECON-X,G11T,G11D
BT,3,2,ECON,G11J,G11T,ECON,G11T,G11T
BT,3,3,ECON,G12J,G12T,ECON,G12T,G12T
BT,3,5,ECON-X,G12P,G12P,ECON-X,G12T,G12P
BT,4,2,ECON,G12J,G12T,ECON,G12T,G12T
BT,4,3,ECON-X,G11D,G11D,ECON-X,G11J,G11D
BT,4,3,ECON-X,G11P,G11D,ECON-X,G11T,G11D
BT,5,1,ECON-X,G12P,G12P,ECON-X,G12T,G12P
BT,5,5,ECON,G11J,G11T,ECON,G11T,G11T
BT,5,6,ECON-X,G11D,G11D,ECON-X,G11J,G11D
BT,5,6,ECON-X,G11P,G11D,ECON-X,G11T,G11D
CAL,1,1,I&D,G8A,ILAB,,,
CAL,1,2,VA,G9S,ART,,,
CAL,1,3,D&T,G9J,DLAB,,,
CAL,1,5,I&D,G8P,DLAB,,,
CAL,2,4,I&D,G7J,DLAB,,,
CAL,3,3,VA,G7S,ART,,,
CAL,3,5,I&D,G8L,DLAB,,,
CAL,3,6,D&T,G9S,DLAB,,,
CAL,4,1,VA,G7A,ART,,,
CAL,4,4,VA,G9A,ART,,,
CAL,4,5,I&D,G8G,DLAB,,,
CAL,5,1,I&D,G7D,DLAB,,,
CAL,5,2,D&T,G9M,DLAB,,,
CAL,5,3,VA,G9M,ART,,,
CAL,5,6,VA,G9P,ART,,,
CC,1,3,CHIN,G10D,G10D,CHIN,G10S,G10D
CC,1,4,CHIN,G10D,G10D,CHIN,G10S,G10D
CC,1,5,CHIN,G9S,G9S,,,
CC,1,6,CHIN,G9S,G9S,,,
CC,2,1,CLP (non-lesson),CLP,SR5,,,
CC,2,3,CHIN,G10D,G10D,CHIN,G10S,G10D
CC,2,5,CLP (non-lesson),CLP,SR5,,,
CC,2,6,CHIN,G9S,G9S,,,
CC,3,1,CHIN,G10D,G10D,CHIN,G10S,G10D
CC,3,2,PTH,G7L,G7L,,,
CC,4,1,PTH,G7P,G7P,,,
CC,4,3,CHIN,G9S,G9S,,,
CC,4,4,PTH,G7D,G7D,,,
CC,5,1,PTH,G7T,G7T,,,
CC,5,3,PTH,G7G,G7G,,,
CC,5,5,CHIN,G10D,G10D,CHIN,G10S,G10D
CC,5,6,CLP (non-lesson),CLP,SR5,,,
CCY,1,1,GEOG,G12J,GEO,GEOG,G12T,GEO
CCY,1,3,GEOG,G11J,GEO,GEOG,G11T,GEO
CCY,1,4,GEOG,G8A,G8A,,,
CCY,2,1,GEOG,G11J,GEO,GEOG,G11T,GEO
CCY,2,6,GEOG-X,G10D,GEO,GEOG-X,G10J,GEO
CCY,2,6,GEOG-X,G10P,GEO,GEOG-X,G10T,GEO
CCY,3,1,GEOG,G8S,G8S,,,
CCY,3,2,GEOG,G11J,GEO,GEOG,G11T,GEO
CCY,3,3,GEOG,G12J,GEO,GEOG,G12T,GEO
CCY,3,6,GEOG,G8P,G8P,,,
CCY,4,1,GEOG-X,G10D,GEO,GEOG-X,G10J,GEO
CCY,4,1,GEOG-X,G10P,GEO,GEOG-X,G10T,GEO
CCY,4,2,GEOG,G12J,GEO,GEOG,G12T,GEO
CCY,5,1,GEOG,G8J,G8J,,,
CCY,5,2,GEOG-X,G10D,GEO,GEOG-X,G10J,GEO
CCY,5,2,GEOG-X,G10P,GEO,GEOG-X,G10T,GEO
CCY,5,5,GEOG,G11J,GEO,GEOG,G11T,GEO
CHC,1,2,PED,G11J,G11T,PED,G11M,G11T
CHC,1,2,PED,G11S,G11T,PED,G11T,G11T
CHC,1,3,PE,G8P,G8P,,,
CHC,1,4,PE,G7L,G7L,,,
CHC,2,1,PE,G8A,G8A,,,
CHC,2,2,PE,G8P,G8P,,,
CHC,2,4,PE,G8G,G8G,,,
CHC,2,6,PE,G11S,G11S,,,
CHC,4,2,PE,G9A,G9A,,,
CHC,4,3,PE,G8A,G8A,,,
CHC,4,4,PED,G11J,G11T,PED,G11M,G11T
CHC,4,4,PED,G11S,G11T,PED,G11T,G11T
CHC,5,2,PE,G8G,G8G,,,
CHC,5,3,PE,G12J,G12J,,,
CHC,5,4,PE,G10J,G10J,,,
CHC,5,5,PE,G11P,G11P,,,
CHN,1,1,MAM1,G10D,G10D,MAM1,G10S,G10D
CHN,1,3,MACO,G12J,G12J,,,
CHN,1,4,MACO,G11J,SR8,MACO,G11M,SR8
CHN,1,4,MACO,G11T,SR8,,,
CHN,2,1,MACO,G12J,G12J,,,
CHN,2,2,MATH,G7D,G7D,,,
CHN,2,5,MAM1,G10D,G10D,MAM1,G10S,G10D
CHN,3,2,MAM1,G10D,G10D,MAM1,G10S,G10D
CHN,3,5,MATH,G7D,G7D,,,
CHN,3,6,MACO,G11J,SR8,MACO,G11M,SR8
CHN,3,6,MACO,G11T,SR8,,,
CHN,4,1,MACO,G12J,G12J,,,
CHN,4,2,MACO,G11J,SR8,MACO,G11M,SR8
CHN,4,2,MACO,G11T,SR8,,,
CHN,4,3,MATH,G7D,G7D,,,
CHN,4,6,MAM1,G10D,G10D,MAM1,G10S,G10D
CHN,5,1,MAM1,G10D,G10D,MAM1,G10S,G10D
CHN,5,5,MACO,G12J,G12J,,,
CHN,5,6,MATH,G7D,G7D,,,
CKC,1,1,LIBS,G12P,G12P,,,
CKC,1,2,LIBS,G9J,G9J,,,
CKC,1,4,LIBS,G9S,G9S,,,
CKC,1,5,LIBS,G12J,SR2,LIBS,G12M,SR2
CKC,2,2,LIBS,G10P,G10P,,,
CKC,2,3,LIBS,G12P,G12P,,,
CKC,3,2,LIBS,G12J,SR2,LIBS,G12M,SR2
CKC,3,3,LIBS,G10P,G10P,,,
CKC,3,5,LIBS,G9P,G9P,,,
CKC,3,6,LIBS,G12P,G12P,,,
CKC,4,1,LIBS,G12P,G12P,,,
CKC,4,3,LIBS,G10P,G10P,,,
CKC,4,5,LIBS,G9A,G9A,,,
CKC,4,6,LIBS,G12J,SR2,LIBS,G12M,SR2
CKC,5,2,LIBS,G12J,SR2,LIBS,G12M,SR2
CKC,5,4,LIBS,G10P,G10P,,,
CKT,1,2,ICT,G11J,MMLC3,ICT,G11M,MMLC3
CKT,1,2,ICT,G11S,MMLC3,ICT,G11T,MMLC3
CKT,1,5,ICT,G10J,MMLC1,ICT,G10M,MMLC1
CKT,1,5,ICT,G10S,MMLC1,ICT,G10T,MMLC1
CKT,1,6,ICT,G12J,MMLC2,ICT,G12M,MMLC2
CKT,1,6,ICT,G12S,MMLC2,ICT,G12T,MMLC2
CKT,2,2,ICT,G12J,MMLC2,ICT,G12M,MMLC2
CKT,2,2,ICT,G12S,MMLC2,ICT,G12T,MMLC2
CKT,2,3,CL,G7A,MMLC3,,,
CKT,2,5,ICT,G11J,MMLC3,ICT,G11M,MMLC3
CKT,2,5,ICT,G11S,MMLC3,ICT,G11T,MMLC3
CKT,3,2,CL,G7S,MMLC2,,,
CKT,4,3,ICT,G10J,MMLC1,ICT,G10M,MMLC1
CKT,4,3,ICT,G10S,MMLC1,ICT,G10T,MMLC1
CKT,4,4,ICT,G11J,MMLC3,ICT,G11M,MMLC3
CKT,4,4,ICT,G11S,MMLC3,ICT,G11T,MMLC3
CKT,4,5,ICT,G12J,MMLC2,ICT,G12M,MMLC2
CKT,4,5,ICT,G12S,MMLC2,ICT,G12T,MMLC2
CKT,5,1,CL,G7J,MMLC3,,,
CKT,5,2,CL,G7G,MMLC3,,,
CKT,5,3,ICT,G10J,MMLC1,ICT,G10M,MMLC1
CKT,5,3,ICT,G10S,MMLC1,ICT,G10T,MMLC1
CKT,5,4,ICT,G11J,MMLC3,ICT,G11M,MMLC3
CKT,5,4,ICT,G11S,MMLC3,ICT,G11T,MMLC3
CKW,1,4,ELIT,G9D,G9D,,,
CKW,1,5,ENG,G11M,G11M,,,
CKW,1,6,ENG,G9D,G9D,,,
CKW,2,1,ENG,G9D,G9D,,,
CKW,2,3,ENG,G11M,G11M,,,
CKW,2,5,ENG,G12T,G12T,,,
CKW,2,6,ENG,G12T,G12T,,,
CKW,3,1,ENG,G12T,G12T,,,
CKW,3,5,ENG,G9D,G9D,,,
CKW,4,1,ENG,G11M,G11M,,,
CKW,4,3,ELIT,G9D,G9D,,,
CKW,4,5,ENG,G9D,G9D,,,
CKW,5,3,ENG,G11M,G11M,,,
CKW,5,4,ENG,G12T,G12T,,,
CLC,1,2,LIBS,G7D,G7D,,,
CLC,1,5,LIBS,G7A,G7A,,,
CLC,1,6,LIBS,G7J,G7J,,,
CLC,2,2,LIBS,G8M,G8M,,,
CLC,2,3,LIBS,G7G,G7G,,,
CLC,2,6,LIBS,G8G,G8G,,,
CLC,3,2,LIBS,G8A,G8A,,,
CLC,4,3,LIBS,G8P,G8P,,,
CLC,4,5,LIBS,G7P,G7P,,,
CLC,4,6,LIBS,G7S,G7S,,,
CLC,5,1,LIBS,G7L,G7L,,,
CLC,5,6,LIBS,G7M,G7M,,,
CLH,1,2,LIBS,G12D,G12D,,,
CLH,1,3,LIBS,G11D,G11D,,,
CLH,1,5,LIBS,G12J,SR1,LIBS,G12M,SR1
CLH,1,5,LIBS,G12T,SR1,,,
CLH,1,6,LIBS,G10J,G10J,,,
CLH,2,5,LIBS,G10J,G10J,,,
CLH,2,6,LIBS,G12D,G12D,,,
CLH,3,1,LIBS,G11D,G11D,,,
CLH,3,2,LIBS,G12J,SR1,LIBS,G12M,SR1
CLH,3,2,LIBS,G12T,SR1,,,
CLH,3,3,LIBS,G10J,G10J,,,
CLH,4,4,LIBS,G11D,G11D,,,
CLH,4,5,LIBS,G10J,G10J,,,
CLH,4,6,LIBS,G12J,SR1,LIBS,G12M,SR1
CLH,4,6,LIBS,G12T,SR1,,,
CLH,5,2,LIBS,G12J,SR1,LIBS,G12M,SR1
CLH,5,2,LIBS,G12T,SR1,,,
CLH,5,3,LIBS,G12D,G12D,,,
CLH,5,4,LIBS,G12D,G12D,,,
CMT,1,2,CHIN,G12T,G12T,,,
CMT,1,3,CHIN,G10M,G10P,CHIN,G10P,G10P
CMT,1,4,CHIN,G10M,G10P,CHIN,G10P,G10P
CMT,1,5,CHIN,G7D,G7D,,,
CMT,2,1,CLP (non-lesson),CLP,SR5,,,
CMT,2,2,CLP (non-lesson),CLP,SR5,,,
CMT,2,3,CHIN,G12T,G12T,,,
CMT,2,5,CHIN,G7D,G7D,,,
CMT,2,6,CHIN,G7D,G7D,,,
CMT,3,2,CHIN,G10M,G10P,CHIN,G10P,G10P
CMT,4,2,CHIN,G10M,G10P,CHIN,G10P,G10P
CMT,4,3,CHIN,G12T,G12T,,,
CMT,4,4,CHIN,G12T,G12T,,,
CMT,4,5,CHIN,G7D,G7D,,,
CMT,5,1,PTH,G9D,G9D,,,
CMT,5,2,CHIN,G7D,G7D,,,
CMT,5,5,CHIN,G10M,G10P,CHIN,G10P,G10P
CMT,5,6,CLP (non-lesson),CLP,SR5,,,
CPW,1,1,MACO,G10D,SR10A,MACO,G10S,SR10A
CPW,1,3,MACO,G12D,G12P,MACO,G12P,G12P
CPW,1,3,MACO,G12S,G12P,,,
CPW,1,4,MACO,G11M,G11M,,,
CPW,2,1,MACO,G12D,G12P,MACO,G12P,G12P
CPW,2,1,MACO,G12S,G12P,,,
CPW,2,3,MACO,G11D,SR7,MACO,G11P,SR7
CPW,2,3,MACO,G11S,SR7,,,
CPW,2,5,MACO,G10D,SR10A,MACO,G10S,SR10A
CPW,3,2,MACO,G10D,SR10A,MACO,G10S,SR10A
CPW,3,3,MACO,G12D,G12P,MACO,G12P,G12P
CPW,3,3,MACO,G12S,G12P,,,
CPW,3,6,MACO,G11M,G11M,,,
CPW,4,1,MACO,G11D,SR7,MACO,G11P,SR7
CPW,4,1,MACO,G11S,SR7,,,
CPW,4,2,MACO,G11M,G11M,,,
CPW,5,1,MACO,G10D,SR10A,MACO,G10S,SR10A
CPW,5,3,MACO,G11D,SR7,MACO,G11P,SR7
CPW,5,3,MACO,G11S,SR7,,,
CPW,5,6,MACO,G12D,G12P,MACO,G12P,G12P
CPW,5,6,MACO,G12S,G12P,,,
CT,1,1,BAFS,G12J,SR2,BAFS,G12T,SR2
CT,1,2,BAFS-Y,G11J,G11M,BAFS-Y,G11M,G11M
CT,1,2,BAFS-Y,G11S,G11M,BAFS-Y,G11T,G11M
CT,1,3,BAFS,G11J,G11J,BAFS,G11T,G11J
CT,1,6,BAFS-Y,G12J,G12T,BAFS-Y,G12M,G12T
CT,1,6,BAFS-Y,G12S,G12T,BAFS-Y,G12T,G12T
CT,2,1,BAFS,G11J,G11J,BAFS,G11T,G11J
CT,2,2,BAFS-Y,G12J,G12T,BAFS-Y,G12M,G12T
CT,2,2,BAFS-Y,G12S,G12T,BAFS-Y,G12T,G12T
CT,2,5,BAFS-Y,G11J,G11M,BAFS-Y,G11M,G11M
CT,2,5,BAFS-Y,G11S,G11M,BAFS-Y,G11T,G11M
CT,3,2,BAFS,G11J,G11J,BAFS,G11T,G11J
CT,3,3,BAFS,G12J,SR2,BAFS,G12T,SR2
CT,4,2,BAFS,G12J,SR2,BAFS,G12T,SR2
CT,4,4,BAFS-Y,G11J,G11M,BAFS-Y,G11M,G11M
CT,4,4,BAFS-Y,G11S,G11M,BAFS-Y,G11T,G11M
CT,4,5,BAFS-Y,G12J,G12T,BAFS-Y,G12M,G12T
CT,4,5,BAFS-Y,G12S,G12T,BAFS-Y,G12T,G12T
CT,5,4,BAFS-Y,G11J,G11M,BAFS-Y,G11M,G11M
CT,5,4,BAFS-Y,G11S,G11M,BAFS-Y,G11T,G11M
CT,5,5,BAFS,G11J,G11J,BAFS,G11T,G11J
CTC,1,2,I&D,G8J,ILAB,,,
CTC,1,4,D&T,G9A,ILAB,,,
CTC,1,6,I&D,G7S,ILAB,,,
CTC,2,1,I&D,G7P,ILAB,,,
CTC,2,3,I&D,G7T,ILAB,,,
CTC,2,5,D&T,G9P,DLAB,,,
CTC,2,6,I&D,G7L,DLAB,,,
CTC,3,1,D&T,G9G,ILAB,,,
CTC,3,3,I&D,G7M,DLAB,,,
CTC,4,3,I&D,G7G,DLAB,,,
CTC,4,4,I&D,G7A,DLAB,,,
CTC,4,6,I&D,G8S,ILAB,,,
CTC,5,3,D&T,G9L,DLAB,,,
CTC,5,4,I&D,G8M,DLAB,,,
CTC,5,5,D&T,G9T,ILAB,,,
CW,1,3,D&T,G9J,ILAB,,,
CW,1,4,D&T,G9A,DLAB,,,
CW,1,5,I&D,G8P,ILAB,,,
CW,1,6,I&D,G7S,DLAB,,,
CW,2,2,I&D,G8T,DLAB,,,
CW,2,4,I&D,G7J,ILAB,,,
CW,2,5,D&T,G9P,ILAB,,,
CW,3,1,D&T,G9G,DLAB,,,
CW,3,5,I&D,G8L,ILAB,,,
CW,3,6,D&T,G9S,ILAB,,,
CW,4,1,D&T,G9D,DLAB,,,
CW,4,2,I&D,G8D,ILAB,,,
CW,5,2,D&T,G9M,ILAB,,,
CW,5,3,D&T,G9L,ILAB,,,
CWL,1,1,ECON,G12J,SR1,ECON,G12T,SR1
CWL,1,2,BAFS-Y,G11J,G11J,BAFS-Y,G11M,G11J
CWL,1,2,BAFS-Y,G11S,G11J,BAFS-Y,G11T,G11J
CWL,1,4,ECON-X,G12D,G12D,ECON-X,G12J,G12D
CWL,1,5,BAFS-Y,G10J,G10M,BAFS-Y,G10M,G10M
CWL,1,5,BAFS-Y,G10S,G10M,BAFS-Y,G10T,G10M
CWL,2,3,ECON,G10J,G10T,ECON,G10T,G10T
CWL,2,5,BAFS-Y,G11J,G11J,BAFS-Y,G11M,G11J
CWL,2,5,BAFS-Y,G11S,G11J,BAFS-Y,G11T,G11J
CWL,2,6,ECON-X,G10D,G10D,ECON-X,G10J,G10D
CWL,2,6,ECON-X,G10P,G10D,ECON-X,G10T,G10D
CWL,3,1,ECON,G10J,G10T,ECON,G10T,G10T
CWL,3,3,ECON,G12J,SR1,ECON,G12T,SR1
CWL,3,5,ECON-X,G12D,G12D,ECON-X,G12J,G12D
CWL,4,1,ECON-X,G10D,G10D,ECON-X,G10J,G10D
CWL,4,1,ECON-X,G10P,G10D,ECON-X,G10T,G10D
CWL,4,2,ECON,G12J,SR1,ECON,G12T,SR1
CWL,4,3,BAFS-Y,G10J,G10M,BAFS-Y,G10M,G10M
CWL,4,3,BAFS-Y,G10S,G10M,BAFS-Y,G10T,G10M
CWL,4,4,BAFS-Y,G11J,G11J,BAFS-Y,G11M,G11J
CWL,4,4,BAFS-Y,G11S,G11J,BAFS-Y,G11T,G11J
CWL,4,6,ECON,G10J,G10T,ECON,G10T,G10T
CWL,5,1,ECON-X,G12D,G12D,ECON-X,G12J,G12D
CWL,5,2,ECON-X,G10D,G10D,ECON-X,G10J,G10D
CWL,5,2,ECON-X,G10P,G10D,ECON-X,G10T,G10D
CWL,5,3,BAFS-Y,G10J,G10M,BAFS-Y,G10M,G10M
CWL,5,3,BAFS-Y,G10S,G10M,BAFS-Y,G10T,G10M
CWL,5,4,BAFS-Y,G11J,G11J,BAFS-Y,G11M,G11J
CWL,5,4,BAFS-Y,G11S,G11J,BAFS-Y,G11T,G11J
CYW,1,2,MATH,G9M,G9M,,,
CYW,1,3,MACO,G12M,G12M,,,
CYW,2,1,MACO,G12M,G12M,,,
CYW,2,2,MATH,G9M,G9M,,,
CYW,2,3,MATH,G8L,G8L,,,
CYW,2,6,MATH,G8J,SR7,MATH,G8T,SR7
CYW,3,1,MATH,G8L,G8L,,,
CYW,3,3,MATH,G9M,G9M,,,
CYW,3,6,MATH,G8J,SR7,MATH,G8T,SR7
CYW,4,1,MATH,G9M,G9M,,,
CYW,4,2,MACO,G12M,G12M,,,
CYW,4,4,MATH,G8L,G8L,,,
CYW,4,5,MATH,G8J,SR7,MATH,G8T,SR7
CYW,5,3,MATH,G8L,G8L,,,
CYW,5,4,MATH,G8J,SR7,MATH,G8T,SR7
CYW,5,5,MACO,G12M,G12M,,,
CYY,1,1,LIBS,G8D,G8D,,,
CYY,1,5,LIBS,G12T,G12T,,,
CYY,1,6,LIBS,G10M,G10M,,,
CYY,2,1,LIBS,G10D,G10D,,,
CYY,2,2,LIBS,G11S,SR11B,,,
CYY,2,5,LIBS,G10M,G10M,,,
CYY,3,1,LIBS,G11S,SR11B,,,
CYY,3,2,LIBS,G12T,G12T,,,
CYY,3,3,LIBS,G10M,G10M,,,
CYY,3,5,LIBS,G10D,G10D,,,
CYY,4,2,LIBS,G10D,G10D,,,
CYY,4,5,LIBS,G10M,G10M,,,
CYY,4,6,LIBS,G12T,G12T,,,
CYY,5,1,LIBS,G11S,SR11B,,,
CYY,5,2,LIBS,G12T,G12T,,,
CYY,5,3,LIBS,G10D,G10D,,,
DYC,1,1,ENG,G9L,G9L,,,
DYC,1,2,ENG,G10J,G10J,,,
DYC,1,3,ENG,G7S,G7S,,,
DYC,1,6,ELIT,G7A,G7A,,,
DYC,2,2,ENG,G10J,G10J,,,
DYC,2,4,ENG,G7S,G7S,,,
DYC,2,6,ENG,G9L,G9L,,,
DYC,3,5,ENG,G7S,G7S,,,
DYC,3,6,ENG,G9L,G9L,,,
DYC,4,1,ENG,G7S,G7S,,,
DYC,4,2,ELIT,G7A,G7A,,,
DYC,4,4,ENG,G10J,G10J,,,
DYC,4,5,ELIT,G7S,G7S,,,
DYC,5,1,ENG,G10J,G10J,,,
DYC,5,3,ELIT,G7S,G7S,,,
DYC,5,4,ENG,G9L,G9L,,,
EW,1,1,LIBS,G12P,SR4,LIBS,G12S,SR4
EW,1,2,LIBS,G12D,SR4,,,
EW,2,2,LIBS,G11S,G11S,,,
EW,2,3,LIBS,G12P,SR4,LIBS,G12S,SR4
EW,2,6,LIBS,G12D,SR4,,,
EW,3,1,LIBS,G11S,G11S,,,
EW,3,6,LIBS,G12P,SR4,LIBS,G12S,SR4
EW,4,1,LIBS,G12P,SR4,LIBS,G12S,SR4
EW,5,1,LIBS,G11S,G11S,,,
EW,5,3,LIBS,G12D,SR4,,,
EW,5,4,LIBS,G12D,SR4,,,
FK,1,1,RE,G7S,G7S,,,
FK,1,3,RE,G8M,G8M,,,
FK,1,4,RE,G8T,G8T,,,
FK,1,6,RE,G9J,G9J,,,
FK,2,1,RE,G7L,G7L,,,
FK,2,2,RE,G9G,G9G,,,
FK,2,3,CLP (non-lesson),CLP,GSCC,,,
FK,2,5,RE,G9L,G9L,,,
FK,2,6,RE,G9M,G9M,,,
FK,3,5,RE,G8P,G8P,,,
FK,4,2,RE,G8S,G8S,,,
FK,4,4,RE,G7T,G7T,,,
FK,4,5,RE,G8L,G8L,,,
FK,4,6,RE,G7P,G7P,,,
FK,5,3,RE,G9S,G9S,,,
FS,1,2,MUS,G9G,MUS,,,
FS,1,6,MUS,G9P,MUS,,,
FS,2,2,MUS,G9T,MUS,,,
FS,3,1,MUS,G9A,MUS,,,
FS,3,2,CLP (non-lesson),CLP,GSCC,,,
FS,3,3,MUS,G9J,MUS,,,
FS,4,3,MUS,G9M,MUS,,,
FS,5,4,MUS,G9S,MUS,,,
FS,5,5,MUS,G9L,MUS,,,
FS,5,6,MUS,G9D,MUS,,,
FW,1,1,LIBS,G12S,G12S,,,
FW,1,3,LIBS,G11D,SR10A,,,
FW,2,1,LIBS,G10D,SR10A,,,
FW,2,2,LIBS,G10P,SR10A,,,
FW,2,3,LIBS,G12S,G12S,,,
FW,3,1,LIBS,G11D,SR10A,,,
FW,3,3,LIBS,G10P,SR10A,,,
FW,3,5,LIBS,G10D,SR10A,,,
FW,3,6,LIBS,G12S,G12S,,,
FW,4,1,LIBS,G12S,G12S,,,
FW,4,2,LIBS,G10D,SR10A,,,
FW,4,3,LIBS,G10P,SR10A,,,
FW,4,4,LIBS,G11D,SR10A,,,
FW,5,3,LIBS,G10D,SR10A,,,
FW,5,4,LIBS,G10P,SR10A,,,
FYC,1,1,CHIN,G11S,G11S,,,
FYC,1,2,CHIN,G8S,G8S,,,
FYC,1,4,CHIS,G7P,G7P,,,
FYC,1,5,CLP (non-lesson),CLP,SR5,,,
FYC,1,6,CHIN,G8J,SR10A,CHIN,G8T,SR10A
FYC,2,1,CLP (non-lesson),CLP,SR5,,,
FYC,2,2,CHIS,G7J,G7J,,,
FYC,2,3,CHIN,G8J,SR10A,CHIN,G8T,SR10A
FYC,2,4,CHIN,G8J,SR10A,CHIN,G8T,SR10A
FYC,3,3,CHIN,G8S,G8S,,,
FYC,3,5,CHIN,G11S,G11S,,,
FYC,3,6,CLP (non-lesson),CLP,SR5,,,
FYC,4,1,CHIN,G8J,SR10A,CHIN,G8T,SR10A
FYC,4,3,CHIN,G8S,G8S,,,
FYC,4,5,CHIN,G11S,G11S,,,
FYC,4,6,CHIN,G11S,G11S,,,
FYC,5,2,CHIN,G8J,SR10A,CHIN,G8T,SR10A
FYC,5,5,CHIN,G8S,G8S,,,
FYC,5,6,CHIN,G8S,G8S,,,
FYL,1,1,MACO,G10J,G10J,,,
FYL,1,2,MATH,G7J,G7J,,,
FYL,1,4,MATH,G9J,G9J,,,
FYL,2,1,MACO,G10J,G10J,,,
FYL,2,3,MATH,G9P,G9P,,,
FYL,2,5,MATH,G9J,G9J,,,
FYL,2,6,MATH,G7J,G7J,,,
FYL,3,1,MATH,G9J,G9J,,,
FYL,3,2,MATH,G7J,G7J,,,
FYL,3,3,MATH,G9P,G9P,,,
FYL,3,5,MACO,G10J,G10J,,,
FYL,4,3,MATH,G7J,G7J,,,
FYL,4,4,MATH,G9P,G9P,,,
FYL,4,6,MATH,G9J,G9J,,,
FYL,5,5,MATH,G9P,G9P,,,
FYL,5,6,MACO,G10J,G10J,,,
GY,1,1,MUS,G8J,G8J,,,
GY,1,3,MUS,G8T,G8T,,,
GY,1,4,MUS,G8L,G8L,,,
GY,1,5,MUS,G8D,G8D,,,
GY,2,3,MUS,G7P,MUS,,,
GY,2,5,MUS,G8G,G8G,,,
GY,2,6,MUS,G8A,G8A,,,
GY,3,2,CLP (non-lesson),CLP,GSCC,,,
GY,3,6,MUS,G7D,MUS,,,
GY,4,2,MUS,G7M,MUS,,,
GY,4,4,MUS,G8M,G8M,,,
GY,4,5,MUS,G7J,MUS,,,
GY,4,6,MUS,G8P,G8P,,,
GY,5,2,MUS,G7T,MUS,,,
GY,5,3,MUS,G8S,G8S,,,
HKC,1,1,CHIN,G9P,G9P,,,
HKC,1,2,CHIN,G9P,G9P,,,
HKC,1,5,CHIN,G7L,G7L,,,
HKC,1,6,CHIN,G7L,G7L,,,
HKC,2,1,CLP (non-lesson),CLP,SR5,,,
HKC,2,2,CHIN,G9P,G9P,,,
HKC,2,3,CHIN,G7L,G7L,,,
HKC,2,4,CHIN,G9T,G9T,,,
HKC,2,5,CLP (non-lesson),CLP,SR5,,,
HKC,3,6,PTH,G8S,G8S,,,
HKC,4,1,PTH,G8M,G8M,,,
HKC,4,3,CHIN,G9T,G9T,,,
HKC,4,4,CHIN,G9T,G9T,,,
HKC,4,6,CHIN,G7L,G7L,,,
HKC,5,2,CHIN,G9T,G9T,,,
HKC,5,3,CHIN,G7L,G7L,,,
HKC,5,4,CHIN,G9P,G9P,,,
HKC,5,5,PTH,G8A,G8A,,,
HML,1,2,BIO-Y,G11J,BIO,BIO-Y,G11M,BIO
HML,1,2,BIO-Y,G11S,BIO,BIO-Y,G11T,BIO
HML,1,3,BIO,G11M,BIO,BIO,G11P,BIO
HML,2,4,FIS,G9P,BIO,,,
HML,2,5,BIO-Y,G11J,G11S,BIO-Y,G11M,G11S
HML,2,5,BIO-Y,G11S,G11S,BIO-Y,G11T,G11S
HML,2,6,BIO,G11M,GS,BIO,G11P,GS
HML,3,1,BIO,G9S,GS,,,
HML,3,2,BIO,G11M,G11P,BIO,G11P,G11P
HML,3,3,BIO,G9T,GS,,,
HML,3,6,BIO,G9A,GS,,,
HML,4,3,BIO,G9P,GS,,,
HML,4,4,BIO-Y,G11J,G11S,BIO-Y,G11M,G11S
HML,4,4,BIO-Y,G11S,G11S,BIO-Y,G11T,G11S
HML,4,6,BIO,G9M,GS,,,
HML,5,2,BIO,G11M,BIO,BIO,G11P,BIO
HML,5,4,BIO-Y,G11J,BIO,BIO-Y,G11M,BIO
HML,5,4,BIO-Y,G11S,BIO,BIO-Y,G11T,BIO
HML,5,5,BIO,G9J,GS,,,
HML,5,6,BIO,G9L,GS,,,
HNY,1,1,CHIN,G9D,G9D,,,
HNY,1,2,CHIN,G9D,G9D,,,
HNY,1,3,CHIN,G10M,G10M,CHIN,G10P,G10M
HNY,1,4,CHIN,G10M,G10M,CHIN,G10P,G10M
HNY,2,1,CLP (non-lesson),CLP,SR5,,,
HNY,2,2,CHIN,G9D,G9D,,,
HNY,2,5,CLP (non-lesson),CLP,SR5,,,
HNY,3,1,CHIN,G11T,G11T,,,
HNY,3,2,CHIN,G10M,G10M,CHIN,G10P,G10M
HNY,3,6,CLP (non-lesson),CLP,SR5,,,
HNY,4,2,CHIN,G10M,G10M,CHIN,G10P,G10M
HNY,4,4,PTH,G8J,G8J,,,
HNY,4,5,CHIN,G11T,G11T,,,
HNY,4,6,CHIN,G11T,G11T,,,
HNY,5,1,PTH,G8D,G8D,,,
HNY,5,3,CHIN,G11T,G11T,,,
HNY,5,4,CHIN,G9D,G9D,,,
HNY,5,5,CHIN,G10M,G10M,CHIN,G10P,G10M
HNY,5,6,CLP (non-lesson),CLP,SR5,,,
HYL,1,2,MACO,G10M,SR10B,MACO,G10P,SR10B
HYL,1,3,MAM1,G12D,SR4,MAM1,G12P,SR4
HYL,1,3,MAM1,G12S,SR4,,,
HYL,2,1,MAM1,G12D,SR4,MAM1,G12P,SR4
HYL,2,1,MAM1,G12S,SR4,,,
HYL,2,2,MATH,G7S,G7S,,,
HYL,3,1,MATH,G7S,G7S,,,
HYL,3,3,MAM1,G12D,SR4,MAM1,G12P,SR4
HYL,3,3,MAM1,G12S,SR4,,,
HYL,3,5,MACO,G10M,SR10B,MACO,G10P,SR10B
HYL,4,3,MATH,G7S,G7S,,,
HYL,4,4,MACO,G10M,SR10B,MACO,G10P,SR10B
HYL,4,6,MAM1,G12D,SR4,MAM1,G12P,SR4
HYL,4,6,MAM1,G12S,SR4,,,
HYL,5,1,MACO,G10M,SR10B,MACO,G10P,SR10B
HYL,5,2,MATH,G7S,G7S,,,
HYL,5,6,MAM1,G12D,SR4,MAM1,G12P,SR4
HYL,5,6,MAM1,G12S,SR4,,,
HYT,1,3,CHEM,G11S,CHM,,,
HYT,1,4,CHEM,G11S,CHM,,,
HYT,1,5,CHEM,G10D,CHM,,,
HYT,1,6,CHEM,G10D,CHM,,,
HYT,2,2,CHEM,G9J,IS2,,,
HYT,2,3,FIS,G9J,CHM,,,
HYT,2,5,CHEM,G12M,CHM,,,
HYT,2,6,CHEM,G12M,CHM,,,
HYT,3,2,CHEM,G11S,G11S,,,
HYT,3,3,CHEM,G12M,G12M,,,
HYT,4,2,CHEM,G12S,G12S,,,
HYT,4,5,CHEM,G10D,G10D,,,
HYT,5,2,CHEM,G11S,G11S,,,
HYT,5,3,CHEM,G12S,CHM,,,
HYT,5,4,CHEM,G12S,CHM,,,
HYY,1,2,ENG,G8G,G8G,,,
HYY,1,5,ENG,G9J,G9J,,,
HYY,1,6,ELIT,G8A,G8A,,,
HYY,2,1,ENG,G8G,G8G,,,
HYY,2,3,ENG,G10M,G10M,,,
HYY,3,2,ENG,G9J,G9J,,,
HYY,3,3,ENG,G8G,G8G,,,
HYY,3,5,ELIT,G8G,G8G,,,
HYY,3,6,ENG,G10M,G10M,,,
HYY,4,1,ENG,G10M,G10M,,,
HYY,4,2,ENG,G9J,G9J,,,
HYY,4,4,ELIT,G8A,G8A,,,
HYY,4,6,ELIT,G8G,G8G,,,
HYY,5,1,ENG,G9J,G9J,,,
HYY,5,2,ENG,G10M,G10M,,,
HYY,5,3,ENG,G8G,G8G,,,
IY,1,2,SCJ,G7G,IS1,,,
IY,1,4,SCJ,G7A,IS1,,,
IY,1,5,SCJ,G7P,IS1,,,
IY,1,6,SCJ,G7M,IS1,,,
IY,2,2,SCJ,G7T,IS1,,,
IY,2,3,FIS,G9L,BIO,,,
IY,2,5,SCJ,G7L,IS1,,,
IY,2,6,SCJ,G7S,IS1,,,
IY,3,1,SCJ,G7L,IS1,,,
IY,3,2,SCJ,G7G,IS1,,,
IY,4,3,SCJ,G7M,IS1,,,
IY,4,4,SCJ,G7P,IS1,,,
IY,4,5,SCJ,G7T,IS1,,,
IY,4,6,SCJ,G7A,IS1,,,
IY,5,1,SCJ,G7S,IS1,,,
JC,1,1,GEOG,G7M,G7M,,,
JC,1,2,GEOG,G9L,G9L,,,
JC,1,3,GEOG,G9P,G9P,,,
JC,1,4,LIBS,G8S,G8S,,,
JC,2,1,GEOG,G7J,G7J,,,
JC,2,2,LIBS,G8L,G8L,,,
JC,2,3,GEOG,G7S,G7S,,,
JC,2,5,LIBS,G8J,G8J,,,
JC,3,1,GEOG,G7T,G7T,,,
JC,3,2,GEOG,G7P,G7P,,,
JC,3,3,GEOG,G7A,G7A,,,
JC,4,1,GEOG,G7L,G7L,,,
JC,5,1,GEOG,G9S,G9S,,,
JC,5,3,GEOG,G9T,G9T,,,
JC,5,5,LIBS,G8T,G8T,,,
JC,5,6,GEOG,G9J,G9J,,,
JMS,1,1,FREN,G9D,FR,FREN,G9P,FR
JMS,1,1,FREN,G9A,FR,,,
JMS,1,2,FREN,G9D,FR,FREN,G9P,FR
JMS,1,2,FREN,G9A,FR,,,
JMS,2,2,FREN,G9D,FR,FREN,G9P,FR
JMS,2,2,FREN,G9A,FR,,,
JMS,5,4,FREN,G9D,FR,FREN,G9P,FR
JMS,5,4,FREN,G9A,FR,,,
JYC,1,4,ENG,G9P,G9P,,,
JYC,1,5,ENG,G9T,G9T,,,
JYC,1,6,ENG,G10S,G10S,,,
JYC,3,1,ENG,G9P,G9P,,,
JYC,3,2,ENG,G9T,G9T,,,
JYC,3,5,ENG,G10S,G10S,,,
JYC,4,2,ENG,G9T,G9T,,,
JYC,4,5,ENG,G10S,G10S,,,
JYC,4,6,ENG,G9P,G9P,,,
JYC,5,1,ENG,G9T,G9T,,,
JYC,5,2,ENG,G10S,G10S,,,
JYC,5,3,ENG,G9P,G9P,,,
KAL,1,3,ENG,G9M,G9M,,,
KAL,1,4,ELIT,G8M,G8M,,,
KAL,1,6,ENG,G9A,G9A,,,
KAL,2,1,ENG,G9M,G9M,,,
KAL,2,3,ENG,G9A,G9A,,,
KAL,2,6,ELIT,G9A,G9A,,,
KAL,3,1,ENG,G9M,G9M,,,
KAL,3,3,ELIT,G8M,G8M,,,
KAL,3,5,ENG,G9A,G9A,,,
KAL,3,6,ELIT,G9M,G9M,,,
KAL,4,2,ELIT,G9M,G9M,,,
KAL,4,4,ELIT,G8P,G8P,,,
KAL,5,2,ELIT,G9A,G9A,,,
KAL,5,4,ENG,G9M,G9M,,,
KAL,5,5,ENG,G9A,G9A,,,
KAL,5,6,ELIT,G8P,G8P,,,
KCY,1,1,LIBS,G11P,G11P,,,
KCY,1,2,LIBS,G9J,SR6,LIBS,G9T,SR6
KCY,1,5,LIBS,G12M,G12M,,,
KCY,1,6,LIBS,G9G,G9G,,,
KCY,2,1,LIBS,G11P,G11P,,,
KCY,2,3,LIBS,G11J,SR8,LIBS,G11T,SR8
KCY,2,6,LIBS,G10S,SR10B,,,
KCY,3,1,LIBS,G11P,G11P,,,
KCY,3,2,LIBS,G12M,G12M,,,
KCY,3,5,LIBS,G11J,SR8,LIBS,G11T,SR8
KCY,3,6,LIBS,G10S,SR10B,,,
KCY,4,1,LIBS,G10S,SR10B,,,
KCY,4,6,LIBS,G12M,G12M,,,
KCY,5,1,LIBS,G11J,SR8,LIBS,G11T,SR8
KCY,5,2,LIBS,G12M,G12M,,,
KCY,5,4,LIBS,G10S,SR10B,,,
KIL,1,1,CHIS,G8M,G8M,,,
KIL,1,4,CHIS,G12J,G12T,CHIS,G12P,G12T
KIL,1,4,CHIS,G12T,G12T,,,
KIL,1,5,CHIS,G11J,G11J,CHIS,G11T,G11J
KIL,2,2,CHIS,G11J,G11J,CHIS,G11T,G11J
KIL,2,5,CHIS,G8S,G8S,,,
KIL,2,6,CHIS,G10D,G10J,CHIS,G10J,G10J
KIL,2,6,CHIS,G10P,G10J,CHIS,G10T,G10J
KIL,3,1,CHIS,G8G,G8G,,,
KIL,3,5,CHIS,G12J,G12T,CHIS,G12P,G12T
KIL,3,5,CHIS,G12T,G12T,,,
KIL,4,1,CHIS,G10D,G10J,CHIS,G10J,G10J
KIL,4,1,CHIS,G10P,G10J,CHIS,G10T,G10J
KIL,4,3,CHIS,G11J,G11J,CHIS,G11T,G11J
KIL,5,1,CHIS,G12J,G12T,CHIS,G12P,G12T
KIL,5,1,CHIS,G12T,G12T,,,
KIL,5,2,CHIS,G10D,G10J,CHIS,G10J,G10J
KIL,5,2,CHIS,G10P,G10J,CHIS,G10T,G10J
KIL,5,5,CHIS,G8D,G8D,,,
KIL,5,6,CHIS,G11J,G11J,CHIS,G11T,G11J
KKN,1,5,BIO-X,G11D,BIO,BIO-X,G11J,BIO
KKN,1,5,BIO-X,G11P,BIO,BIO-X,G11T,BIO
KKN,2,1,BIO,G11D,GS,BIO,G11S,GS
KKN,2,2,BIO-X,G11D,G11P,BIO-X,G11J,G11P
KKN,2,2,BIO-X,G11P,G11P,BIO-X,G11T,G11P
KKN,3,6,BIO,G11D,G11D,BIO,G11S,G11D
KKN,4,2,BIO,G11D,BIO,BIO,G11S,BIO
KKN,4,3,BIO-X,G11D,G11P,BIO-X,G11J,G11P
KKN,4,3,BIO-X,G11P,G11P,BIO-X,G11T,G11P
KKN,5,5,BIO,G11D,BIO,BIO,G11S,BIO
KKN,5,6,BIO-X,G11D,BIO,BIO-X,G11J,BIO
KKN,5,6,BIO-X,G11P,BIO,BIO-X,G11T,BIO
KKY,1,1,FIS,G9M,PHY2,,,
KKY,1,3,PHY,G9A,PHY2,,,
KKY,1,4,SCJ,G8J,IS2,,,
KKY,2,1,SCJ,G8S,IS2,,,
KKY,2,3,FIS,G9T,PHY2,,,
KKY,2,4,FIS,G9A,PHY2,,,
KKY,3,2,SCJ,G8P,IS2,,,
KKY,3,5,PHY,G9M,PHY2,,,
KKY,4,1,SCJ,G8L,IS2,,,
KKY,4,2,CL,G8M,MMLC2,,,
KKY,4,5,SCJ,G8S,IS2,,,
KKY,5,3,SCJ,G8P,IS2,,,
KKY,5,4,SCJ,G8L,IS2,,,
KKY,5,5,SCJ,G8J,IS2,,,
KKY,5,6,PHY,G9T,PHY2,,,
KL,1,1,SCJ,G8T,IS2,,,
KL,1,2,SCJ,G8D,IS2,,,
KL,1,4,BIO,G12M,BIO,,,
KL,1,6,BIO-Y,G12J,GS,BIO-Y,G12S,GS
KL,1,6,BIO-Y,G12T,GS,,,
KL,2,2,BIO-Y,G12J,GS,BIO-Y,G12S,GS
KL,2,2,BIO-Y,G12T,GS,,,
KL,2,3,SCJ,G7J,IS1,,,
KL,2,4,SCJ,G7D,IS1,,,
KL,3,5,BIO,G12M,BIO,,,
KL,4,3,SCJ,G8D,IS2,,,
KL,4,4,SCJ,G8T,IS2,,,
KL,4,5,BIO-Y,G12J,GS,BIO-Y,G12S,GS
KL,4,5,BIO-Y,G12T,GS,,,
KL,5,1,BIO,G12M,BIO,,,
KL,5,2,SCJ,G7J,IS1,,,
KL,5,3,SCJ,G7D,IS1,,,
KLA,1,2,PHY,G10D,PHY1,PHY,G10S,PHY1
KLA,2,1,PHY,G11D,PHY1,PHY,G11S,PHY1
KLA,2,3,PHY,G12D,PHY1,,,
KLA,2,6,PHY-X,G10D,PHY2,PHY-X,G10J,PHY2
KLA,2,6,PHY-X,G10P,PHY2,PHY-X,G10T,PHY2
KLA,3,2,PHY,G12D,PHY1,,,
KLA,3,3,PHY,G10D,PHY1,PHY,G10S,PHY1
KLA,3,6,PHY,G11D,PHY1,PHY,G11S,PHY1
KLA,4,1,PHY-X,G10D,PHY1,PHY-X,G10J,PHY1
KLA,4,1,PHY-X,G10P,PHY1,PHY-X,G10T,PHY1
KLA,4,2,PHY,G11D,PHY1,PHY,G11S,PHY1
KLA,4,4,PHY,G10D,PHY2,PHY,G10S,PHY2
KLA,4,5,PHY,G12D,PHY2,,,
KLA,5,2,PHY-X,G10D,PHY1,PHY-X,G10J,PHY1
KLA,5,2,PHY-X,G10P,PHY1,PHY-X,G10T,PHY1
KLA,5,5,PHY,G11D,PHY2,PHY,G11S,PHY2
KLL,1,1,PTH,G8P,G8P,,,
KLL,1,2,CHIN,G12J,SR1,CHIN,G12M,SR1
KLL,1,2,CHIN,G12T,SR1,,,
KLL,1,3,CHIN,G7P,G7P,,,
KLL,2,1,CLP (non-lesson),CLP,SR5,,,
KLL,2,2,CLP (non-lesson),CLP,SR5,,,
KLL,2,3,CHIN,G12J,SR1,CHIN,G12M,SR1
KLL,2,3,CHIN,G12T,SR1,,,
KLL,2,5,CHIN,G7P,G7P,,,
KLL,3,1,CHIN,G7P,G7P,,,
KLL,3,2,PTH,G8T,G8T,,,
KLL,3,3,CHIN,G11M,G11M,,,
KLL,3,6,CLP (non-lesson),CLP,SR5,,,
KLL,4,3,CHIN,G12J,SR1,CHIN,G12M,SR1
KLL,4,3,CHIN,G12T,SR1,,,
KLL,4,4,CHIN,G12J,SR1,CHIN,G12M,SR1
KLL,4,4,CHIN,G12T,SR1,,,
KLL,4,5,CHIN,G11M,G11M,,,
KLL,4,6,CHIN,G11M,G11M,,,
KLL,5,1,CHIN,G11M,G11M,,,
KLL,5,5,CHIN,G7P,G7P,,,
KLL,5,6,CHIN,G7P,G7P,,,
KMN,1,2,I&D,G8J,DLAB,,,
KMN,2,1,I&D,G7P,DLAB,,,
KMN,2,3,I&D,G7T,DLAB,,,
KMN,2,6,I&D,G7L,ILAB,,,
KMN,3,3,I&D,G7M,ILAB,,,
KMN,4,1,D&T,G9D,ILAB,,,
KMN,4,3,I&D,G7G,ILAB,,,
KMN,4,4,I&D,G7A,ILAB,,,
KMN,4,6,I&D,G8S,DLAB,,,
KMN,5,1,I&D,G7D,ILAB,,,
KMN,5,5,D&T,G9T,DLAB,,,
KMW,1,6,ENG,G11J,G11J,,,
KMW,2,2,ENG,G10D,G10D,,,
KMW,2,5,ENG,G12J,SR1,ENG,G12T,SR1
KMW,2,6,ENG,G12J,SR1,ENG,G12T,SR1
KMW,3,1,ENG,G12J,SR1,ENG,G12T,SR1
KMW,3,3,ENG,G11J,G11J,,,
KMW,3,6,ENG,G10D,G10D,,,
KMW,4,1,ENG,G11J,G11J,,,
KMW,4,3,ENG,G10D,G10D,,,
KMW,5,2,ENG,G11J,G11J,,,
KMW,5,4,ENG,G12J,SR1,ENG,G12T,SR1
KMW,5,6,ENG,G10D,G10D,,,
KSL,1,2,MACO,G10M,G10M,MACO,G10P,G10M
KSL,2,3,MACO,G11D,G11P,MACO,G11P,G11P
KSL,2,3,MACO,G11S,G11P,,,
KSL,2,5,MATH,G8M,G8M,,,
KSL,2,6,MATH,G8J,G8J,,,
KSL,3,1,MATH,G8M,G8M,,,
KSL,3,5,MACO,G10M,G10M,MACO,G10P,G10M
KSL,3,6,MATH,G8J,G8J,,,
KSL,4,1,MACO,G11D,G11P,MACO,G11P,G11P
KSL,4,1,MACO,G11S,G11P,,,
KSL,4,4,MACO,G10M,G10M,MACO,G10P,G10M
KSL,4,5,MATH,G8J,G8J,,,
KSL,4,6,MATH,G8M,G8M,,,
KSL,5,1,MACO,G10M,G10M,MACO,G10P,G10M
KSL,5,3,MACO,G11D,G11P,MACO,G11P,G11P
KSL,5,3,MACO,G11S,G11P,,,
KSL,5,4,MATH,G8J,G8J,,,
KSL,5,5,MATH,G8M,G8M,,,
KSN,1,1,FIS,G9G,BIO,,,
KSN,2,1,CHEM,G10S,CHM,,,
KSN,2,2,CHEM,G10S,CHM,,,
KSN,2,5,CHEM,G9M,IS2,,,
KSN,2,6,CHEM,G11D,G11D,,,
KSN,3,1,CHEM,G12P,CHM,,,
KSN,3,2,CHEM,G12P,CHM,,,
KSN,3,3,CHEM,G11D,G11D,,,
KSN,3,6,CHEM,G9G,IS1,,,
KSN,4,1,CHEM,G9A,IS1,,,
KSN,4,2,CHEM,G10S,G10S,,,
KSN,5,1,CHEM,G11D,CHM,,,
KSN,5,2,CHEM,G11D,CHM,,,
KSN,5,5,CHEM,G12P,G12P,,,
KWC,1,2,CHIN,G12M,G12M,,,
KWC,2,1,CLP (non-lesson),CLP,SR5,,,
KWC,2,2,CLP (non-lesson),CLP,SR5,,,
KWC,2,3,CHIN,G12M,G12M,,,
KWC,4,3,CHIN,G12M,G12M,,,
KWC,4,4,CHIN,G12M,G12M,,,
KWL,1,5,CLP (non-lesson),CLP,SR5,,,
KWL,1,6,CHIN,G8P,G8P,,,
KWL,2,1,CLP (non-lesson),CLP,SR5,,,
KWL,2,2,CLP (non-lesson),CLP,SR5,,,
KWL,2,3,CHIN,G8P,G8P,,,
KWL,2,4,CHIN,G8P,G8P,,,
KWL,2,5,CHIN,G12S,G12S,,,
KWL,3,1,CHIN,G11J,G11J,,,
KWL,3,3,CHIS,G9G,G9G,,,
KWL,3,5,CHIN,G12S,G12S,,,
KWL,3,6,CLP (non-lesson),CLP,SR5,,,
KWL,4,1,CHIN,G8P,G8P,,,
KWL,4,3,CHIN,G12S,G12S,,,
KWL,4,4,CHIN,G12S,G12S,,,
KWL,4,5,CHIN,G11J,G11J,,,
KWL,4,6,CHIN,G11J,G11J,,,
KWL,5,2,CHIN,G8P,G8P,,,
KWL,5,3,CHIN,G11J,G11J,,,
KWL,5,4,CHIS,G9T,G9T,,,
KWN,1,1,MATH,G8S,G8S,,,
KWN,1,3,MAM2,G12D,G12D,MAM2,G12P,G12D
KWN,1,3,MAM2,G12S,G12D,,,
KWN,1,6,MAM2,G11D,G11D,MAM2,G11P,G11D
KWN,1,6,MAM2,G11S,G11D,,,
KWN,2,1,MAM2,G12D,G12D,MAM2,G12P,G12D
KWN,2,1,MAM2,G12S,G12D,,,
KWN,2,3,MAM2,G11D,G11D,MAM2,G11P,G11D
KWN,2,3,MAM2,G11S,G11D,,,
KWN,2,6,MATH,G8S,G8S,,,
KWN,3,2,MATH,G8S,G8S,,,
KWN,3,3,MAM2,G12D,G12D,MAM2,G12P,G12D
KWN,3,3,MAM2,G12S,G12D,,,
KWN,4,1,MAM2,G11D,G11D,MAM2,G11P,G11D
KWN,4,1,MAM2,G11S,G11D,,,
KWN,4,4,MATH,G8S,G8S,,,
KWN,4,6,MAM2,G12D,G12D,MAM2,G12P,G12D
KWN,4,6,MAM2,G12S,G12D,,,
KWN,5,3,MAM2,G11D,G11D,MAM2,G11P,G11D
KWN,5,3,MAM2,G11S,G11D,,,
KWN,5,6,MAM2,G12D,G12D,MAM2,G12P,G12D
KWN,5,6,MAM2,G12S,G12D,,,
KY,1,1,PE,G11J,G11J,,,
KY,1,3,PE,G8J,G8J,,,
KY,1,4,PE,G7M,G7M,,,
KY,1,5,PE,G12S,G12S,,,
KY,2,1,PE,G8M,G8M,,,
KY,2,2,PE,G8J,G8J,,,
KY,3,3,PE,G7J,G7J,,,
KY,4,1,PE,G9J,G9J,,,
KY,4,2,PE,G9P,G9P,,,
KY,4,3,PE,G8M,G8M,,,
KY,4,4,PE,G9M,G9M,,,
KY,5,1,PE,G7G,G7G,,,
KY,5,6,PE,G10S,G10S,,,
LCH,1,1,ENG,G7G,G7G,,,
LCH,1,3,ELIT,G7D,G7D,,,
LCH,1,4,ELIT,G7G,G7G,,,
LCH,1,5,ENG,G8T,G8T,,,
LCH,2,1,ENG,G7G,G7G,,,
LCH,2,3,ENG,G7M,G7M,,,
LCH,3,2,ENG,G7M,G7M,,,
LCH,3,3,ELIT,G7G,G7G,,,
LCH,3,5,ENG,G8T,G8T,,,
LCH,3,6,ENG,G7G,G7G,,,
LCH,4,1,ELIT,G7D,G7D,,,
LCH,4,2,ENG,G8T,G8T,,,
LCH,4,4,ENG,G7M,G7M,,,
LCH,4,6,ENG,G7G,G7G,,,
LCH,5,3,ENG,G7M,G7M,,,
LCH,5,6,ENG,G8T,G8T,,,
LHT,1,2,ENG,G12S,G12S,,,
LHT,1,4,ENG,G11D,G11D,,,
LHT,1,5,ENG,G12D,G12D,,,
LHT,1,6,ENG,G12D,G12D,,,
LHT,2,2,ENG,G12D,G12D,,,
LHT,2,5,ENG,G11D,G11D,,,
LHT,3,1,ENG,G12S,G12S,,,
LHT,3,2,ENG,G11D,G11D,,,
LHT,5,1,ENG,G12S,G12S,,,
LHT,5,2,ENG,G12S,G12S,,,
LHT,5,4,ENG,G11D,G11D,,,
LHT,5,5,ENG,G12D,G12D,,,
LKL,1,1,CHIN,G7J,G7J,,,
LKL,1,2,CHIN,G7S,G7S,,,
LKL,1,5,CLP (non-lesson),CLP,SR5,,,
LKL,1,6,CHIN,G8D,G8D,,,
LKL,2,1,CLP (non-lesson),CLP,SR5,,,
LKL,2,3,CHIN,G8D,G8D,,,
LKL,2,4,CHIN,G8D,G8D,,,
LKL,2,5,CHIN,G7S,G7S,,,
LKL,3,5,CHIN,G7J,G7J,,,
LKL,3,6,CHIN,G7J,G7J,,,
LKL,4,1,CHIN,G8D,G8D,,,
LKL,4,2,CHIN,G7J,G7J,,,
LKL,4,4,CHIN,G7S,G7S,,,
LKL,5,2,CHIN,G8D,G8D,,,
LKL,5,3,CHIN,G7J,G7J,,,
LKL,5,5,CHIN,G7S,G7S,,,
LKL,5,6,CHIN,G7S,G7S,,,
LKS,1,2,CHIN,G7M,G7M,,,
LKS,1,3,CHIN,G10M,SR10B,CHIN,G10P,SR10B
LKS,1,4,CHIN,G10M,SR10B,CHIN,G10P,SR10B
LKS,1,5,CLP (non-lesson),CLP,SR5,,,
LKS,1,6,CHIN,G8J,G8J,,,
LKS,2,1,CLP (non-lesson),CLP,SR5,,,
LKS,2,2,CHIN,G7M,G7M,,,
LKS,2,3,CHIN,G8J,G8J,,,
LKS,2,4,CHIN,G8J,G8J,,,
LKS,3,2,CHIN,G10M,SR10B,CHIN,G10P,SR10B
LKS,3,4,SchD-EC,G8D,SR7,SchD-EC,G8J,SR7
LKS,3,4,SchD-EC,G8P,SR7,,,
LKS,3,5,CHIN,G7M,G7M,,,
LKS,3,6,CHIN,G7M,G7M,,,
LKS,4,1,CHIN,G8J,G8J,,,
LKS,4,2,CHIN,G10M,SR10B,CHIN,G10P,SR10B
LKS,4,5,CHIN,G7M,G7M,,,
LKS,5,2,CHIN,G8J,G8J,,,
LKS,5,5,CHIN,G10M,SR10B,CHIN,G10P,SR10B
LKS,5,6,CLP (non-lesson),CLP,SR5,,,
LL,1,1,CHIN,G8G,G8G,,,
LL,1,5,CLP (non-lesson),CLP,SR5,,,
LL,1,6,CHIN,G8T,G8T,,,
LL,2,1,CLP (non-lesson),CLP,SR5,,,
LL,2,2,CHIN,G8G,G8G,,,
LL,2,3,CHIN,G8T,G8T,,,
LL,2,4,CHIN,G8T,G8T,,,
LL,2,6,CHIS,G7M,G7M,,,
LL,3,2,CHIS,G7A,G7A,,,
LL,3,3,CHIN,G11P,G11P,,,
LL,3,6,CLP (non-lesson),CLP,SR5,,,
LL,4,1,CHIN,G8T,G8T,,,
LL,4,3,CHIN,G8G,G8G,,,
LL,4,5,CHIN,G11P,G11P,,,
LL,4,6,CHIN,G11P,G11P,,,
LL,5,1,CHIN,G11P,G11P,,,
LL,5,2,CHIN,G8T,G8T,,,
LL,5,5,CHIN,G8G,G8G,,,
LL,5,6,CHIN,G8G,G8G,,,
LTC,1,3,MATH,G8A,G8A,,,
LTC,1,4,MACO,G11T,G11T,,,
LTC,1,5,MATH,G9D,G9D,,,
LTC,1,6,MAM1,G11D,G11S,MAM1,G11P,G11S
LTC,1,6,MAM1,G11S,G11S,,,
LTC,2,2,MATH,G8A,G8A,,,
LTC,2,3,MAM1,G11D,G11S,MAM1,G11P,G11S
LTC,2,3,MAM1,G11S,G11S,,,
LTC,2,5,MATH,G9D,G9D,,,
LTC,3,1,MATH,G8A,G8A,,,
LTC,3,6,MACO,G11T,G11T,,,
LTC,4,1,MAM1,G11D,G11S,MAM1,G11P,G11S
LTC,4,1,MAM1,G11S,G11S,,,
LTC,4,2,MACO,G11T,G11T,,,
LTC,4,5,MATH,G8A,G8A,,,
LTC,4,6,MATH,G9D,G9D,,,
LTC,5,2,MATH,G9D,G9D,,,
LTC,5,3,MAM1,G11D,G11S,MAM1,G11P,G11S
LTC,5,3,MAM1,G11S,G11S,,,
LWT,1,1,CHIN,G7J,SR6,CHIN,G7T,SR6
LWT,1,2,CHIS,G8L,G8L,,,
LWT,1,4,CHIN,G9M,G9M,,,
LWT,1,5,CHIN,G12P,G12P,,,
LWT,2,1,CLP (non-lesson),CLP,SR5,,,
LWT,2,2,CLP (non-lesson),CLP,SR5,,,
LWT,2,5,CLP (non-lesson),CLP,SR5,,,
LWT,3,2,CHIN,G9M,G9M,,,
LWT,3,5,CHIN,G7J,SR6,CHIN,G7T,SR6
LWT,3,6,CHIN,G7J,SR6,CHIN,G7T,SR6
LWT,4,2,CHIN,G7J,SR6,CHIN,G7T,SR6
LWT,4,3,CHIN,G12P,G12P,,,
LWT,4,4,CHIN,G12P,G12P,,,
LWT,4,6,CHIS,G8A,G8A,,,
LWT,5,2,CHIN,G12P,G12P,,,
LWT,5,3,CHIN,G7J,SR6,CHIN,G7T,SR6
LWT,5,5,CHIN,G9M,G9M,,,
LWT,5,6,CHIN,G9M,G9M,,,
LY,1,1,FIS,G9S,CHM,,,
LY,1,3,SCJ,G8G,IS2,,,
LY,1,5,SCJ,G8A,IS2,,,
LY,1,6,SCJ,G8M,IS2,,,
LY,2,1,CHEM,G9P,IS1,,,
LY,2,2,CHEM,G11M,G11M,,,
LY,2,4,CHEM,G9S,IS2,,,
LY,2,6,CHEM,G9T,IS2,,,
LY,3,1,CHEM,G9L,IS2,,,
LY,3,6,SCJ,G8A,IS2,,,
LY,4,2,SCJ,G8G,IS2,,,
LY,4,3,CHEM,G11M,G11M,,,
LY,5,1,SCJ,G8M,IS2,,,
LY,5,5,CHEM,G11M,CHM,,,
LY,5,6,CHEM,G11M,CHM,,,
LYC,1,1,CHIN,G11D,G11D,,,
LYC,1,3,CHIN,G10D,G10S,CHIN,G10S,G10S
LYC,1,4,CHIN,G10D,G10S,CHIN,G10S,G10S
LYC,2,1,CLP (non-lesson),CLP,SR5,,,
LYC,2,2,CLP (non-lesson),CLP,SR5,,,
LYC,2,3,CHIN,G10D,G10S,CHIN,G10S,G10S
LYC,2,5,CHIN,G12D,G12D,,,
LYC,3,1,CHIN,G10D,G10S,CHIN,G10S,G10S
LYC,3,5,CHIN,G11D,G11D,,,
LYC,3,6,CLP (non-lesson),CLP,SR5,,,
LYC,4,3,CHIN,G12D,G12D,,,
LYC,4,4,CHIN,G12D,G12D,,,
LYC,4,5,CHIN,G11D,G11D,,,
LYC,4,6,CHIN,G11D,G11D,,,
LYC,5,2,CHIN,G12D,G12D,,,
LYC,5,5,CHIN,G10D,G10S,CHIN,G10S,G10S
LYC,5,6,CLP (non-lesson),CLP,SR5,,,
MC,1,3,CHIN,G7G,G7G,,,
MC,2,1,CLP (non-lesson),CLP,SR5,,,
MC,2,3,CHIS,G7D,G7D,,,
MC,2,5,CHIN,G7G,G7G,,,
MC,3,1,CHIN,G7G,G7G,,,
MC,3,5,CHIS,G7L,G7L,,,
MC,3,6,CHIS,G7S,G7S,,,
MC,5,5,CHIN,G7G,G7G,,,
MC,5,6,CHIN,G7G,G7G,,,
MCT,1,1,MAM2,G10D,G10S,MAM2,G10S,G10S
MCT,1,3,MACO,G12D,G12S,MACO,G12P,G12S
MCT,1,3,MACO,G12S,G12S,,,
MCT,2,1,MACO,G12D,G12S,MACO,G12P,G12S
MCT,2,1,MACO,G12S,G12S,,,
MCT,2,5,MAM2,G10D,G10S,MAM2,G10S,G10S
MCT,3,2,MAM2,G10D,G10S,MAM2,G10S,G10S
MCT,3,3,MACO,G12D,G12S,MACO,G12P,G12S
MCT,3,3,MACO,G12S,G12S,,,
MCT,4,6,MAM2,G10D,G10S,MAM2,G10S,G10S
MCT,5,1,MAM2,G10D,G10S,MAM2,G10S,G10S
MCT,5,6,MACO,G12D,G12S,MACO,G12P,G12S
MCT,5,6,MACO,G12S,G12S,,,
MF,1,1,FREN,G9D,SR3,FREN,G9P,SR3
MF,1,1,FREN,G9A,SR3,,,
MF,1,2,FREN,G9D,SR3,FREN,G9P,SR3
MF,1,2,FREN,G9A,SR3,,,
MF,1,3,FREN,G10J,SR9,FREN,G10M,SR9
MF,1,3,FREN,G10T,SR9,,,
MF,1,4,FREN,G10J,SR9,FREN,G10M,SR9
MF,1,4,FREN,G10T,SR9,,,
MF,1,6,FREN,G8D,SR2,FREN,G8J,SR2
MF,1,6,FREN,G8P,SR2,,,
MF,2,2,FREN,G9D,SR3,FREN,G9P,SR3
MF,2,2,FREN,G9A,SR3,,,
MF,2,3,FREN,G8D,SR2,FREN,G8J,SR2
MF,2,3,FREN,G8P,SR2,,,
MF,2,4,FREN,G8D,SR2,FREN,G8J,SR2
MF,2,4,FREN,G8P,SR2,,,
MF,2,5,FREN,G7P,SR2,FREN,G7G,SR2
MF,2,5,FREN,G7A,SR2,,,
MF,3,1,FREN,G7P,SR2,FREN,G7G,SR2
MF,3,1,FREN,G7A,SR2,,,
MF,3,2,FREN,G10J,SR9,FREN,G10M,SR9
MF,3,2,FREN,G10T,SR9,,,
MF,3,3,FREN,G11M,SR3,,,
MF,4,1,FREN,G8D,SR2,FREN,G8J,SR2
MF,4,1,FREN,G8P,SR2,,,
MF,4,2,FREN,G10J,SR9,FREN,G10M,SR9
MF,4,2,FREN,G10T,SR9,,,
MF,4,5,FREN,G11M,SR3,,,
MF,4,6,FREN,G11M,SR3,,,
MF,5,1,FREN,G11M,SR3,,,
MF,5,4,FREN,G9D,SR3,FREN,G9P,SR3
MF,5,4,FREN,G9A,SR3,,,
MF,5,5,FREN,G7P,SR2,FREN,G7G,SR2
MF,5,5,FREN,G7A,SR2,,,
MF,5,6,FREN,G7P,SR2,FREN,G7G,SR2
MF,5,6,FREN,G7A,SR2,,,
MLL,1,1,BIO,G10M,GS,BIO,G10P,GS
MLL,1,4,BIO-X,G12D,GS,BIO-X,G12J,GS
MLL,1,6,BIO,G12P,BIO,,,
MLL,2,2,BIO,G12P,BIO,,,
MLL,2,6,BIO-X,G10D,BIO,BIO-X,G10J,BIO
MLL,2,6,BIO-X,G10P,BIO,BIO-X,G10T,BIO
MLL,3,1,BIO,G10M,G10P,BIO,G10P,G10P
MLL,3,2,BIO,G9G,GS,,,
MLL,3,5,BIO-X,G12D,GS,BIO-X,G12J,GS
MLL,4,1,BIO-X,G10D,G10P,BIO-X,G10J,G10P
MLL,4,1,BIO-X,G10P,G10P,BIO-X,G10T,G10P
MLL,4,4,BIO,G9D,GS,,,
MLL,4,5,BIO,G12P,BIO,,,
MLL,4,6,BIO,G10M,BIO,BIO,G10P,BIO
MLL,5,1,BIO-X,G12D,GS,BIO-X,G12J,GS
MLL,5,2,BIO-X,G10D,GS,BIO-X,G10J,GS
MLL,5,2,BIO-X,G10P,GS,BIO-X,G10T,GS
MWH,1,1,PE,G12M,G12M,,,
MWH,2,1,PE,G8T,G8T,,,
MWH,2,4,PE,G8S,G8S,,,
MWH,2,5,PED,G11J,G11T,PED,G11M,G11T
MWH,2,5,PED,G11S,G11T,PED,G11T,G11T
MWH,2,6,PE,G10M,G10M,,,
MWH,3,3,PE,G7T,G7T,,,
MWH,3,5,PE,G11M,G11M,,,
MWH,4,1,PE,G9T,G9T,,,
MWH,4,3,PE,G8T,G8T,,,
MWH,4,4,PE,G9S,G9S,,,
MWH,5,1,PE,G7P,G7P,,,
MWH,5,2,PE,G8S,G8S,,,
MWH,5,3,PE,G12T,G12T,,,
MWH,5,4,PED,G11J,G11T,PED,G11M,G11T
MWH,5,4,PED,G11S,G11T,PED,G11T,G11T
MXC,1,2,ENG,G7A,G7A,,,
MXC,1,3,ELIT,G9L,G9L,,,
MXC,1,4,ENG,G7T,G7T,,,
MXC,2,1,ELIT,G9J,G9J,,,
MXC,2,4,ELIT,G9G,G9G,,,
MXC,2,5,ENG,G7T,G7T,,,
MXC,2,6,ENG,G7A,G7A,,,
MXC,3,5,ELIT,G9L,G9L,,,
MXC,3,6,ELIT,G9J,G9J,,,
MXC,4,1,ENG,G7T,G7T,,,
MXC,4,5,ENG,G7A,G7A,,,
MXC,5,3,ENG,G7A,G7A,,,
MXC,5,5,ELIT,G9G,G9G,,,
MXC,5,6,ENG,G7T,G7T,,,
MYI,1,1,CHIN,G7T,G7T,,,
MYI,1,3,CHIN,G10D,SR11A,CHIN,G10S,SR11A
MYI,1,4,CHIN,G10D,SR11A,CHIN,G10S,SR11A
MYI,1,5,PTH,G8L,G8L,,,
MYI,2,1,CLP (non-lesson),CLP,SR5,,,
MYI,2,2,CHIN,G9L,G9L,,,
MYI,2,3,CHIN,G10D,SR11A,CHIN,G10S,SR11A
MYI,2,5,CLP (non-lesson),CLP,SR5,,,
MYI,3,1,CHIN,G10D,SR11A,CHIN,G10S,SR11A
MYI,3,5,CHIN,G7T,G7T,,,
MYI,3,6,CHIN,G7T,G7T,,,
MYI,4,1,PTH,G8G,G8G,,,
MYI,4,2,CHIN,G7T,G7T,,,
MYI,4,3,CHIN,G9L,G9L,,,
MYI,5,1,CHIN,G9L,G9L,,,
MYI,5,2,CHIN,G9L,G9L,,,
MYI,5,3,CHIN,G7T,G7T,,,
MYI,5,5,CHIN,G10D,SR11A,CHIN,G10S,SR11A
MYI,5,6,CLP (non-lesson),CLP,SR5,,,
NMC,1,1,I&D,G8A,DLAB,,,
NMC,1,4,DAT,G12J,G12J,,,
NMC,2,2,I&D,G8T,ILAB,,,
NMC,3,5,DAT,G12J,G12J,,,
NMC,4,2,I&D,G8D,DLAB,,,
NMC,4,5,I&D,G8G,ILAB,,,
NMC,5,1,DAT,G12J,G12J,,,
NMC,5,4,I&D,G8M,ILAB,,,
OLC,1,1,ELIT,G7P,G7P,,,
OLC,1,2,ENG,G10T,G10T,,,
OLC,1,4,ENG,G11P,G11P,,,
OLC,1,5,ELIT,G7T,G7T,,,
OLC,2,1,ENG,G10P,G10P,,,
OLC,2,2,ENG,G10T,G10T,,,
OLC,2,5,ENG,G11P,G11P,,,
OLC,3,5,ELIT,G7P,G7P,,,
OLC,3,6,ENG,G10P,G10P,,,
OLC,4,2,ENG,G11P,G11P,,,
OLC,4,4,ENG,G10T,G10T,,,
OLC,4,5,ENG,G10P,G10P,,,
OLC,4,6,ELIT,G7T,G7T,,,
OLC,5,1,ENG,G10T,G10T,,,
OLC,5,3,ENG,G10P,G10P,,,
OLC,5,4,ENG,G11P,G11P,,,
PC,1,2,PE,G11D,G11D,,,
PC,1,3,PE,G8D,G8D,,,
PC,1,5,PED,G10J,G10J,PED,G10M,G10J
PC,1,6,PED,G12J,G12J,PED,G12M,G12J
PC,1,6,PED,G12S,G12J,PED,G12T,G12J
PC,2,2,PE,G8D,G8D,,,
PC,3,1,PE,G12D,G12D,,,
PC,3,3,PE,G7D,G7D,,,
PC,4,2,PE,G9D,G9D,,,
PC,4,3,PED,G10J,G10J,PED,G10M,G10J
PC,4,5,PED,G12J,G12J,PED,G12M,G12J
PC,4,5,PED,G12S,G12J,PED,G12T,G12J
PC,5,3,PED,G10J,G10J,PED,G10M,G10J
PC,5,4,PE,G10D,G10D,,,
PLW,1,1,ENG,G7L,G7L,,,
PLW,1,3,ENG,G8L,G8L,,,
PLW,1,5,ENG,G8J,G8J,,,
PLW,2,1,ELIT,G8L,G8L,,,
PLW,3,2,ELIT,G8L,G8L,,,
PLW,3,3,ENG,G7L,G7L,,,
PLW,3,5,ENG,G8J,G8J,,,
PLW,3,6,ENG,G8L,G8L,,,
PLW,4,2,ENG,G8J,G8J,,,
PLW,4,3,ENG,G8L,G8L,,,
PLW,4,4,ENG,G7L,G7L,,,
PLW,4,6,ELIT,G8J,G8J,,,
PLW,5,1,ENG,G8L,G8L,,,
PLW,5,3,ELIT,G8J,G8J,,,
PLW,5,5,ENG,G7L,G7L,,,
PLW,5,6,ENG,G8J,G8J,,,
PYL,1,1,PHY,G10M,PHY1,PHY,G10P,PHY1
PYL,1,2,PHY-Y,G11M,PHY2,PHY-Y,G11S,PHY2
PYL,1,4,PHY,G12S,PHY1,,,
PYL,1,5,PHY-X,G11D,PHY2,PHY-X,G11J,PHY2
PYL,1,5,PHY-X,G11P,PHY2,PHY-X,G11T,PHY2
PYL,2,2,PHY-X,G11D,PHY1,PHY-X,G11J,PHY1
PYL,2,2,PHY-X,G11P,PHY1,PHY-X,G11T,PHY1
PYL,2,5,PHY-Y,G11M,PHY1,PHY-Y,G11S,PHY1
PYL,3,1,PHY,G10M,PHY2,PHY,G10P,PHY2
PYL,3,2,PHY,G12S,PHY2,,,
PYL,3,3,PHY,G9S,PHY2,,,
PYL,4,1,PHY,G9P,PHY2,,,
PYL,4,3,PHY-X,G11D,PHY1,PHY-X,G11J,PHY1
PYL,4,3,PHY-X,G11P,PHY1,PHY-X,G11T,PHY1
PYL,4,4,PHY-Y,G11M,PHY1,PHY-Y,G11S,PHY1
PYL,4,6,PHY,G10M,PHY1,PHY,G10P,PHY1
PYL,5,3,PHY,G9J,PHY2,,,
PYL,5,4,PHY-Y,G11M,PHY1,PHY-Y,G11S,PHY1
PYL,5,5,PHY,G12S,PHY1,,,
PYL,5,6,PHY-X,G11D,PHY1,PHY-X,G11J,PHY1
PYL,5,6,PHY-X,G11P,PHY1,PHY-X,G11T,PHY1
QL,1,2,CL,G8A,MMLC1,,,
QL,1,4,CL,G8G,MMLC1,,,
QL,1,5,ICT,G10J,MMLC1,ICT,G10M,MMLC1
QL,1,5,ICT,G10S,MMLC1,ICT,G10T,MMLC1
QL,1,6,CL,G9L,MMLC1,,,
QL,2,1,CL,G8J,MMLC1,,,
QL,2,2,CL,G8S,MMLC1,,,
QL,2,6,CL,G8P,MMLC1,,,
QL,3,1,CL,G8D,MMLC1,,,
QL,3,3,CL,G8T,MMLC1,,,
QL,3,6,CL,G9P,MMLC1,,,
QL,4,1,CL,G9S,MMLC1,,,
QL,4,3,ICT,G10J,MMLC1,ICT,G10M,MMLC1
QL,4,3,ICT,G10S,MMLC1,ICT,G10T,MMLC1
QL,4,5,CL,G9J,MMLC1,,,
QL,4,6,CL,G8L,MMLC1,,,
QL,5,3,ICT,G10J,MMLC1,ICT,G10M,MMLC1
QL,5,3,ICT,G10S,MMLC1,ICT,G10T,MMLC1
RG,1,3,ELIT,G7L,G7L,,,
RG,1,5,ENG,G9J,SR11A,ENG,G9T,SR11A
RG,3,1,ENG,G12M,G12M,,,
RG,3,2,ENG,G9J,SR11A,ENG,G9T,SR11A
RG,4,1,ENG,G12M,G12M,,,
RG,4,2,ENG,G9J,SR11A,ENG,G9T,SR11A
RG,5,1,ENG,G9J,SR11A,ENG,G9T,SR11A
RG,5,3,ENG,G12M,G12M,,,
RG,5,4,ENG,G12M,G12M,,,
RG,5,6,ELIT,G7L,G7L,,,
SC,1,2,MATH,G8P,G8P,,,
SC,1,3,MATH,G9G,G9G,,,
SC,2,1,MATH,G9A,G9A,,,
SC,2,5,MATH,G9G,G9G,,,
SC,2,6,MATH,G8T,G8T,,,
SC,3,1,MATH,G8P,G8P,,,
SC,3,3,MATH,G9A,G9A,,,
SC,3,6,MATH,G8T,G8T,,,
SC,4,1,MATH,G9G,G9G,,,
SC,4,2,MATH,G8P,G8P,,,
SC,4,5,MATH,G8T,G8T,,,
SC,4,6,MATH,G9A,G9A,,,
SC,5,2,MATH,G9G,G9G,,,
SC,5,4,MATH,G8T,G8T,,,
SC,5,5,MATH,G8P,G8P,,,
SC,5,6,MATH,G9A,G9A,,,
SCC,1,1,CL,G9T,MMLC3,,,
SCC,1,2,ICT,G11J,MMLC2,ICT,G11M,MMLC2
SCC,1,2,ICT,G11S,MMLC2,ICT,G11T,MMLC2
SCC,1,5,CL,G9G,MMLC3,,,
SCC,1,6,ICT,G12J,MMLC3,ICT,G12M,MMLC3
SCC,1,6,ICT,G12S,MMLC3,ICT,G12T,MMLC3
SCC,2,1,CL,G7T,MMLC3,,,
SCC,2,2,ICT,G12J,MMLC3,ICT,G12M,MMLC3
SCC,2,2,ICT,G12S,MMLC3,ICT,G12T,MMLC3
SCC,2,4,CL,G9M,MMLC3,,,
SCC,2,5,ICT,G11J,MMLC2,ICT,G11M,MMLC2
SCC,2,5,ICT,G11S,MMLC2,ICT,G11T,MMLC2
SCC,3,1,CL,G7D,MMLC3,,,
SCC,3,2,CL,G9D,MMLC3,,,
SCC,3,3,CL,G7P,MMLC3,,,
SCC,4,2,CL,G7L,MMLC3,,,
SCC,4,4,ICT,G11J,MMLC2,ICT,G11M,MMLC2
SCC,4,4,ICT,G11S,MMLC2,ICT,G11T,MMLC2
SCC,4,5,ICT,G12J,MMLC3,ICT,G12M,MMLC3
SCC,4,5,ICT,G12S,MMLC3,ICT,G12T,MMLC3
SCC,5,1,CL,G7M,MMLC1,,,
SCC,5,3,CL,G9A,MMLC3,,,
SCC,5,4,ICT,G11J,MMLC2,ICT,G11M,MMLC2
SCC,5,4,ICT,G11S,MMLC2,ICT,G11T,MMLC2
SFY,1,1,CHIN,G8L,G8L,,,
SFY,1,2,CHIN,G12J,G12J,,,
SFY,1,5,CLP (non-lesson),CLP,SR5,,,
SFY,2,1,CLP (non-lesson),CLP,SR5,,,
SFY,2,2,CLP (non-lesson),CLP,SR5,,,
SFY,2,3,CHIN,G12J,G12J,,,
SFY,2,5,CHIN,G8L,G8L,,,
SFY,2,6,CHIN,G8L,G8L,,,
SFY,3,1,CHIN,G11J,SR8,CHIN,G11T,SR8
SFY,3,2,CHIS,G8J,G8J,,,
SFY,3,3,CHIN,G8L,G8L,,,
SFY,3,6,CLP (non-lesson),CLP,SR5,,,
SFY,4,3,CHIN,G12J,G12J,,,
SFY,4,4,CHIN,G12J,G12J,,,
SFY,4,5,CHIN,G11J,SR8,CHIN,G11T,SR8
SFY,4,6,CHIN,G11J,SR8,CHIN,G11T,SR8
SFY,5,1,CHIS,G8P,G8P,,,
SFY,5,3,CHIN,G11J,SR8,CHIN,G11T,SR8
SFY,5,5,CHIN,G8L,G8L,,,
SHK,1,3,PHY,G11M,PHY1,PHY,G11P,PHY1
SHK,1,4,PHY-X,G12J,PHY2,PHY-X,G12P,PHY2
SHK,1,5,PHY-Y,G10J,PHY1,PHY-Y,G10M,PHY1
SHK,1,5,PHY-Y,G10S,PHY1,PHY-Y,G10T,PHY1
SHK,1,6,PHY-Y,G12J,PHY1,PHY-Y,G12M,PHY1
SHK,2,2,PHY-Y,G12J,PHY2,PHY-Y,G12M,PHY2
SHK,2,6,PHY,G11M,PHY1,PHY,G11P,PHY1
SHK,3,2,PHY,G11M,G11M,PHY,G11P,G11M
SHK,3,5,PHY-X,G12J,PHY1,PHY-X,G12P,PHY1
SHK,3,6,PHY,G9D,PHY2,,,
SHK,4,2,PHY,G9G,PHY2,,,
SHK,4,3,PHY-Y,G10J,PHY2,PHY-Y,G10M,PHY2
SHK,4,3,PHY-Y,G10S,PHY2,PHY-Y,G10T,PHY2
SHK,4,5,PHY-Y,G12J,PHY1,PHY-Y,G12M,PHY1
SHK,4,6,PHY,G9L,PHY2,,,
SHK,5,1,PHY-X,G12J,PHY1,PHY-X,G12P,PHY1
SHK,5,2,PHY,G11M,PHY2,PHY,G11P,PHY2
SHK,5,3,PHY-Y,G10J,PHY1,PHY-Y,G10M,PHY1
SHK,5,3,PHY-Y,G10S,PHY1,PHY-Y,G10T,PHY1
SHL,1,2,HIST,G8T,G8T,,,
SHL,1,3,HIST,G8S,G8S,,,
SHL,1,5,HIST,G10J,SR9,HIST,G10M,SR9
SHL,1,5,HIST,G10S,SR9,HIST,G10T,SR9
SHL,1,6,HIST,G8L,G8L,,,
SHL,2,1,HIST,G7A,G7A,,,
SHL,2,3,LIBS,G9M,G9M,,,
SHL,3,1,HIST,G8J,G8J,,,
SHL,3,2,HIST,G8D,G8D,,,
SHL,3,5,HIST,G9T,G9T,,,
SHL,4,2,LIBS,G9L,G9L,,,
SHL,4,3,HIST,G10J,SR9,HIST,G10M,SR9
SHL,4,3,HIST,G10S,SR9,HIST,G10T,SR9
SHL,4,5,HIST,G7G,G7G,,,
SHL,5,1,HIST,G9A,G9A,,,
SHL,5,3,HIST,G10J,SR9,HIST,G10M,SR9
SHL,5,3,HIST,G10S,SR9,HIST,G10T,SR9
SHL,5,4,HIST,G8G,G8G,,,
SHL,5,6,HIST,G8M,G8M,,,
SKL,1,1,LIBS,G11M,G11M,,,
SKL,1,3,LIBS,G7T,G7T,,,
SKL,1,5,LIBS,G12J,G12J,,,
SKL,1,6,LIBS,G10J,SR10B,LIBS,G10M,SR10B
SKL,1,6,LIBS,G10T,SR10B,,,
SKL,2,1,LIBS,G11M,G11M,,,
SKL,2,3,LIBS,G11J,G11J,,,
SKL,2,5,LIBS,G10J,SR10B,LIBS,G10M,SR10B
SKL,2,5,LIBS,G10T,SR10B,,,
SKL,3,1,LIBS,G11M,G11M,,,
SKL,3,2,LIBS,G12J,G12J,,,
SKL,3,3,LIBS,G10J,SR10B,LIBS,G10M,SR10B
SKL,3,3,LIBS,G10T,SR10B,,,
SKL,3,5,LIBS,G11J,G11J,,,
SKL,4,5,LIBS,G10J,SR10B,LIBS,G10M,SR10B
SKL,4,5,LIBS,G10T,SR10B,,,
SKL,4,6,LIBS,G12J,G12J,,,
SKL,5,1,LIBS,G11J,G11J,,,
SKL,5,2,LIBS,G12J,G12J,,,
SL,1,3,ENG,G9S,G9S,,,
SL,1,4,ENG,G7J,G7J,,,
SL,1,5,ELIT,G7J,G7J,,,
SL,2,1,ENG,G9S,G9S,,,
SL,2,5,ENG,G7J,G7J,,,
SL,4,1,ENG,G7J,G7J,,,
SL,4,2,ENG,G9S,G9S,,,
SL,4,5,ELIT,G8D,G8D,,,
SL,4,6,ELIT,G7J,G7J,,,
SL,5,3,ELIT,G8D,G8D,,,
SL,5,5,ENG,G9S,G9S,,,
SL,5,6,ENG,G7J,G7J,,,
SLL,1,2,MATH,G7L,G7L,,,
SLL,1,4,MATH,G9T,G9T,,,
SLL,1,5,MATH,G9L,G9L,,,
SLL,1,6,MATH,G7G,G7G,,,
SLL,2,1,MATH,G9L,G9L,,,
SLL,2,2,MATH,G7G,G7G,,,
SLL,2,5,MATH,G9T,G9T,,,
SLL,3,1,MATH,G9T,G9T,,,
SLL,3,3,MATH,G9L,G9L,,,
SLL,3,5,MATH,G7G,G7G,,,
SLL,3,6,MATH,G7L,G7L,,,
SLL,4,2,MATH,G7G,G7G,,,
SLL,4,3,MATH,G7L,G7L,,,
SLL,4,4,MATH,G9L,G9L,,,
SLL,4,6,MATH,G9T,G9T,,,
SLL,5,2,MATH,G7L,G7L,,,
SMC,1,2,CHIN,G12J,SR11B,CHIN,G12M,SR11B
SMC,1,2,CHIN,G12T,SR11B,,,
SMC,1,3,CHIN,G7A,G7A,,,
SMC,2,1,CLP (non-lesson),CLP,SR5,,,
SMC,2,2,CLP (non-lesson),CLP,SR5,,,
SMC,2,3,CHIN,G12J,SR11B,CHIN,G12M,SR11B
SMC,2,3,CHIN,G12T,SR11B,,,
SMC,2,4,CHIS,G7T,G7T,,,
SMC,2,5,CHIN,G7A,G7A,,,
SMC,2,6,CHIS,G7G,G7G,,,
SMC,3,1,CHIN,G7A,G7A,,,
SMC,3,3,CHIN,G11M,SR6,CHIN,G11P,SR6
SMC,3,6,CLP (non-lesson),CLP,SR5,,,
SMC,4,3,CHIN,G12J,SR11B,CHIN,G12M,SR11B
SMC,4,3,CHIN,G12T,SR11B,,,
SMC,4,4,CHIN,G12J,SR11B,CHIN,G12M,SR11B
SMC,4,4,CHIN,G12T,SR11B,,,
SMC,4,5,CHIN,G11M,SR6,CHIN,G11P,SR6
SMC,4,6,CHIN,G11M,SR6,CHIN,G11P,SR6
SMC,5,1,CHIN,G11M,SR6,CHIN,G11P,SR6
SMC,5,5,CHIN,G7A,G7A,,,
SMC,5,6,CHIN,G7A,G7A,,,
SP,1,3,RE,G9T,G9T,,,
SP,1,5,RE,G9A,G9A,,,
SP,1,6,RE,G7D,G7D,,,
SP,2,1,MUS,G7S,MUS,,,
SP,2,3,CLP (non-lesson),CLP,GSCC,,,
SP,2,4,MUS,G7L,MUS,,,
SP,2,5,RE,G8D,G8D,,,
SP,2,6,RE,G9D,G9D,,,
SP,3,1,RE,G7J,G7J,,,
SP,3,2,CLP (non-lesson),CLP,GSCC,,,
SP,3,3,RE,G8J,G8J,,,
SP,3,5,MUS,G7A,MUS,,,
SP,3,6,RE,G8G,G8G,,,
SP,4,1,MUS,G7G,MUS,,,
SP,4,5,RE,G9P,G9P,,,
SP,4,6,RE,G7M,G7M,,,
SP,5,1,RE,G8A,G8A,,,
SWL,1,1,BAFS,G12J,G12J,BAFS,G12T,G12J
SWL,1,3,BAFS,G11J,SR6,BAFS,G11T,SR6
SWL,1,5,BAFS-Y,G10J,G10M,BAFS-Y,G10M,G10M
SWL,1,5,BAFS-Y,G10S,G10M,BAFS-Y,G10T,G10M
SWL,1,6,BAFS-Y,G12J,G12M,BAFS-Y,G12M,G12M
SWL,1,6,BAFS-Y,G12S,G12M,BAFS-Y,G12T,G12M
SWL,2,1,BAFS,G11J,SR6,BAFS,G11T,SR6
SWL,2,2,BAFS-Y,G12J,G12M,BAFS-Y,G12M,G12M
SWL,2,2,BAFS-Y,G12S,G12M,BAFS-Y,G12T,G12M
SWL,2,3,BAFS,G10J,G10J,BAFS,G10T,G10J
SWL,3,1,BAFS,G10J,G10J,BAFS,G10T,G10J
SWL,3,2,BAFS,G11J,SR6,BAFS,G11T,SR6
SWL,3,3,BAFS,G12J,G12J,BAFS,G12T,G12J
SWL,4,2,BAFS,G12J,G12J,BAFS,G12T,G12J
SWL,4,3,BAFS-Y,G10J,G10M,BAFS-Y,G10M,G10M
SWL,4,3,BAFS-Y,G10S,G10M,BAFS-Y,G10T,G10M
SWL,4,5,BAFS-Y,G12J,G12M,BAFS-Y,G12M,G12M
SWL,4,5,BAFS-Y,G12S,G12M,BAFS-Y,G12T,G12M
SWL,4,6,BAFS,G10J,G10J,BAFS,G10T,G10J
SWL,5,3,BAFS-Y,G10J,G10M,BAFS-Y,G10M,G10M
SWL,5,3,BAFS-Y,G10S,G10M,BAFS-Y,G10T,G10M
SWL,5,5,BAFS,G11J,SR6,BAFS,G11T,SR6
SYL,1,3,HIST,G7J,G7J,,,
SYL,1,4,HIST,G8P,G8P,,,
SYL,1,5,HIST,G7S,G7S,,,
SYL,1,6,GEOG,G8G,G8G,,,
SYL,2,4,HIST,G7M,G7M,,,
SYL,2,5,HIST,G8A,G8A,,,
SYL,2,6,HIST,G7P,G7P,,,
SYL,3,1,GEOG,G8T,G8T,,,
SYL,3,2,GEOG,G8M,G8M,,,
SYL,3,3,GEOG,G8D,G8D,,,
SYL,4,2,GEOG,G7D,G7D,,,
SYL,4,4,GEOG,G7G,G7G,,,
SYL,4,5,HIST,G7L,G7L,,,
SYL,4,6,HIST,G7D,G7D,,,
SYL,5,5,HIST,G7T,G7T,,,
SYL,5,6,GEOG,G8L,G8L,,,
TCM,1,5,PTH,G9P,G9P,,,
TCM,1,6,PTH,G9T,G9T,,,
TCM,2,1,PTH,G7M,G7M,,,
TCM,2,4,PTH,G7A,G7A,,,
TCM,2,5,PTH,G9A,G9A,,,
TCM,2,6,PTH,G9J,G9J,,,
TCM,3,2,PTH,G9L,G9L,,,
TCM,3,5,PTH,G9S,G9S,,,
TCM,4,2,PTH,G7S,G7S,,,
TCM,4,4,PTH,G7J,G7J,,,
TCM,4,5,PTH,G9M,G9M,,,
TCM,5,1,PTH,G9G,G9G,,,
TKL,1,4,VA,G9L,ART,,,
TKL,2,1,VA,G8P,ART,,,
TKL,2,3,VA,G9D,ART,,,
TKL,2,4,VA,G8M,ART,,,
TKL,2,5,VA,G8T,ART,,,
TKL,3,2,VA,G8G,ART,,,
TKL,3,5,VA,G9G,ART,,,
TKL,4,2,VA,G8L,ART,,,
TKL,4,3,VA,G8J,ART,,,
TKL,4,5,VA,G9T,ART,,,
TKL,4,6,VA,G8D,ART,,,
TKL,5,1,VA,G8S,ART,,,
TKL,5,2,VA,G8A,ART,,,
TKL,5,4,VA,G9J,ART,,,
TMS,1,1,CHEM,G12D,G12D,,,
TMS,1,2,CHEM,G11P,G11P,,,
TMS,1,5,CHEM,G10P,G10P,,,
TMS,1,6,CHEM,G10P,G10P,,,
TMS,2,1,CHEM,G10M,G10M,,,
TMS,2,2,CHEM,G10M,G10M,,,
TMS,2,4,FIS,G9D,CHM,,,
TMS,2,5,CHEM,G10P,G10P,,,
TMS,3,3,CHEM,G9D,IS2,,,
TMS,3,5,CHEM,G11P,CHM,,,
TMS,3,6,CHEM,G11P,CHM,,,
TMS,4,1,CHEM,G12D,CHM,,,
TMS,4,2,CHEM,G12D,CHM,,,
TMS,4,4,CHEM,G11P,G11P,,,
TMS,5,4,CHEM,G10M,G10M,,,
TN,1,4,ENG,G7D,G7D,,,
TN,1,5,ELIT,G7J,SR10A,ELIT,G7T,SR10A
TN,1,6,ENG,G11T,G11T,,,
TN,2,1,ENG,G7D,G7D,,,
TN,2,5,ENG,G12P,G12P,,,
TN,3,2,ENG,G7D,G7D,,,
TN,3,3,ENG,G11T,G11T,,,
TN,4,1,ENG,G11T,G11T,,,
TN,4,2,ENG,G12P,G12P,,,
TN,4,6,ELIT,G7J,SR10A,ELIT,G7T,SR10A
TN,5,2,ENG,G11T,G11T,,,
TN,5,3,ENG,G12P,G12P,,,
TN,5,4,ENG,G12P,G12P,,,
TN,5,5,ENG,G7D,G7D,,,
TWL,1,1,CHIN,G11D,SR11A,CHIN,G11S,SR11A
TWL,1,3,CHIN,G10J,G10J,CHIN,G10T,G10J
TWL,1,4,CHIN,G10J,G10J,CHIN,G10T,G10J
TWL,1,5,CLP (non-lesson),CLP,SR5,,,
TWL,2,1,CLP (non-lesson),CLP,SR5,,,
TWL,2,4,CHIN,G8A,G8A,,,
TWL,3,2,CHIN,G10J,G10J,CHIN,G10T,G10J
TWL,3,3,CHIN,G8A,G8A,,,
TWL,3,4,SchD-EC,G9D,SR6,SchD-EC,G9P,SR6
TWL,3,4,SchD-EC,G9A,SR6,,,
TWL,3,5,CHIN,G11D,SR11A,CHIN,G11S,SR11A
TWL,3,6,CLP (non-lesson),CLP,SR5,,,
TWL,4,1,CHIN,G8A,G8A,,,
TWL,4,2,CHIN,G10J,G10J,CHIN,G10T,G10J
TWL,4,5,CHIN,G11D,SR11A,CHIN,G11S,SR11A
TWL,4,6,CHIN,G11D,SR11A,CHIN,G11S,SR11A
TWL,5,3,CHIN,G8A,G8A,,,
TWL,5,4,CHIN,G8A,G8A,,,
TWL,5,5,CHIN,G10J,G10J,CHIN,G10T,G10J
TWL,5,6,CLP (non-lesson),CLP,SR5,,,
VT,1,4,ENG,G8D,G8D,,,
VT,2,1,ENG,G8D,G8D,,,
VT,2,5,ELIT,G9S,G9S,,,
VT,3,5,ENG,G8D,G8D,,,
VT,4,1,ELIT,G7M,G7M,,,
VT,4,6,ELIT,G9S,G9S,,,
VT,5,5,ELIT,G7M,G7M,,,
VT,5,6,ENG,G8D,G8D,,,
WKC,1,1,MACO,G10T,G10T,,,
WKC,1,4,MATH,G9J,SR7,MATH,G9T,SR7
WKC,2,1,MACO,G10T,G10T,,,
WKC,2,2,MATH,G9S,G9S,,,
WKC,2,5,MATH,G9J,SR7,MATH,G9T,SR7
WKC,2,6,MATH,G8D,G8D,,,
WKC,3,1,MATH,G9J,SR7,MATH,G9T,SR7
WKC,3,2,MATH,G9S,G9S,,,
WKC,3,5,MACO,G10T,G10T,,,
WKC,3,6,MATH,G8D,G8D,,,
WKC,4,4,MATH,G8D,G8D,,,
WKC,4,5,MATH,G9S,G9S,,,
WKC,4,6,MATH,G9J,SR7,MATH,G9T,SR7
WKC,5,2,MATH,G9S,G9S,,,
WKC,5,4,MATH,G8D,G8D,,,
WKC,5,6,MACO,G10T,G10T,,,
WKL,1,1,CHIN,G9A,G9A,,,
WKL,1,2,CHIN,G9A,G9A,,,
WKL,1,3,CHIN,G10J,SR11B,CHIN,G10T,SR11B
WKL,1,4,CHIN,G10J,SR11B,CHIN,G10T,SR11B
WKL,2,1,CLP (non-lesson),CLP,SR5,,,
WKL,2,2,CHIN,G9A,G9A,,,
WKL,2,3,CHIS,G9S,G9S,,,
WKL,2,5,CLP (non-lesson),CLP,SR5,,,
WKL,2,6,CHIS,G9P,G9P,,,
WKL,3,2,CHIN,G10J,SR11B,CHIN,G10T,SR11B
WKL,3,4,SchD-EC,G7P,SR8,SchD-EC,G7G,SR8
WKL,3,4,SchD-EC,G7A,SR8,,,
WKL,3,5,CHIS,G9J,G9J,,,
WKL,4,2,CHIN,G10J,SR11B,CHIN,G10T,SR11B
WKL,4,3,CHIS,G9A,G9A,,,
WKL,4,5,CHIS,G9L,G9L,,,
WKL,5,1,CHIS,G9M,G9M,,,
WKL,5,4,CHIN,G9A,G9A,,,
WKL,5,5,CHIN,G10J,SR11B,CHIN,G10T,SR11B
WKL,5,6,CLP (non-lesson),CLP,SR5,,,
WL,1,5,ENG,G11S,G11S,,,
WL,2,5,ENG,G12J,G12J,,,
WL,2,6,ENG,G12J,G12J,,,
WL,3,1,ENG,G12J,G12J,,,
WL,3,3,ENG,G11S,G11S,,,
WL,4,3,ENG,G11S,G11S,,,
WL,5,4,ENG,G12J,G12J,,,
WL,5,6,ENG,G11S,G11S,,,
WLO,1,1,MATH,G7A,G7A,,,
WLO,1,2,MAM1,G10M,G10P,MAM1,G10P,G10P
WLO,1,3,MACO,G12J,SR8,MACO,G12T,SR8
WLO,1,6,M1Y,G12J,G12S,M1Y,G12S,G12S
WLO,2,1,MACO,G12J,SR8,MACO,G12T,SR8
WLO,2,2,M1Y,G12J,G12S,M1Y,G12S,G12S
WLO,3,5,MAM1,G10M,G10P,MAM1,G10P,G10P
WLO,3,6,MATH,G7A,G7A,,,
WLO,4,1,MACO,G12J,SR8,MACO,G12T,SR8
WLO,4,3,MATH,G7A,G7A,,,
WLO,4,4,MAM1,G10M,G10P,MAM1,G10P,G10P
WLO,4,5,M1Y,G12J,G12S,M1Y,G12S,G12S
WLO,5,1,MAM1,G10M,G10P,MAM1,G10P,G10P
WLO,5,2,MATH,G7A,G7A,,,
WLO,5,5,MACO,G12J,SR8,MACO,G12T,SR8
WLO,5,6,MAM1,G10M,G10P,MAM1,G10P,G10P
WMC,1,3,GEOG,G9D,G9D,,,
WMC,1,4,GEOG-X,G12D,GEO,GEOG-X,G12J,GEO
WMC,1,4,GEOG-X,G12P,GEO,GEOG-X,G12T,GEO
WMC,1,5,GEOG-X,G11D,GEO,GEOG-X,G11J,GEO
WMC,1,5,GEOG-X,G11P,GEO,GEOG-X,G11T,GEO
WMC,1,6,GEOG,G9M,G9M,,,
WMC,2,2,GEOG-X,G11D,GEO,GEOG-X,G11J,GEO
WMC,2,2,GEOG-X,G11P,GEO,GEOG-X,G11T,GEO
WMC,2,3,GEOG,G10J,GEO,GEOG,G10T,GEO
WMC,3,1,GEOG,G10J,GEO,GEOG,G10T,GEO
WMC,3,2,GEOG,G9A,G9A,,,
WMC,3,5,GEOG-X,G12D,GEO,GEOG-X,G12J,GEO
WMC,3,5,GEOG-X,G12P,GEO,GEOG-X,G12T,GEO
WMC,4,3,GEOG-X,G11D,GEO,GEOG-X,G11J,GEO
WMC,4,3,GEOG-X,G11P,GEO,GEOG-X,G11T,GEO
WMC,4,6,GEOG,G10J,GEO,GEOG,G10T,GEO
WMC,5,1,GEOG-X,G12D,GEO,GEOG-X,G12J,GEO
WMC,5,1,GEOG-X,G12P,GEO,GEOG-X,G12T,GEO
WMC,5,3,GEOG,G9G,G9G,,,
WMC,5,6,GEOG-X,G11D,GEO,GEOG-X,G11J,GEO
WMC,5,6,GEOG-X,G11P,GEO,GEOG-X,G11T,GEO
WN,1,2,ENG,G10J,SR7,ENG,G10T,SR7
WN,1,4,ENG,G7J,SR6,ENG,G7T,SR6
WN,1,5,ENG,G8M,G8M,,,
WN,1,6,ELIT,G8S,G8S,,,
WN,2,2,ENG,G10J,SR7,ENG,G10T,SR7
WN,2,3,ELIT,G8S,G8S,,,
WN,2,5,ENG,G7J,SR6,ENG,G7T,SR6
WN,2,6,ENG,G8M,G8M,,,
WN,4,1,ENG,G7J,SR6,ENG,G7T,SR6
WN,4,4,ENG,G10J,SR7,ENG,G10T,SR7
WN,4,5,ENG,G8M,G8M,,,
WN,4,6,ELIT,G8T,G8T,,,
WN,5,1,ENG,G10J,SR7,ENG,G10T,SR7
WN,5,2,ENG,G8M,G8M,,,
WN,5,3,ELIT,G8T,G8T,,,
WN,5,6,ENG,G7J,SR6,ENG,G7T,SR6
YKH,1,5,ENG,G8S,G8S,,,
YKH,2,1,ELIT,G9T,G9T,,,
YKH,3,5,ENG,G8S,G8S,,,
YKH,3,6,ELIT,G9T,G9T,,,
YKH,4,1,ENG,G8S,G8S,,,
YKH,5,4,ENG,G8S,G8S,,,
YLL,1,1,PE,G11T,G11T,,,
YLL,1,2,PE,G12P,G12P,,,
YLL,1,4,PE,G7S,G7S,,,
YLL,1,5,PED,G10S,G10T,PED,G10T,G10T
YLL,2,2,PED,G12J,G12J,PED,G12M,G12J
YLL,2,2,PED,G12S,G12J,PED,G12T,G12J
YLL,2,3,PE,G10P,G10P,,,
YLL,2,4,PE,G8L,G8L,,,
YLL,4,1,PE,G9L,G9L,,,
YLL,4,3,PED,G10S,G10T,PED,G10T,G10T
YLL,4,4,PE,G9G,G9G,,,
YLL,5,1,PE,G7A,G7A,,,
YLL,5,2,PE,G8L,G8L,,,
YLL,5,3,PED,G10S,G10T,PED,G10T,G10T
YLL,5,4,PE,G10T,G10T,,,
YML,1,1,LIBS,G11M,SR10B,LIBS,G11P,SR10B
YML,1,2,LIBS,G9T,G9T,,,
YML,1,6,LIBS,G10T,G10T,,,
YML,2,1,LIBS,G11M,SR10B,LIBS,G11P,SR10B
YML,2,3,LIBS,G11T,G11T,,,
YML,2,5,LIBS,G10T,G10T,,,
YML,2,6,LIBS,G10S,G10S,,,
YML,3,1,LIBS,G11M,SR10B,LIBS,G11P,SR10B
YML,3,3,LIBS,G10T,G10T,,,
YML,3,5,LIBS,G11T,G11T,,,
YML,3,6,LIBS,G10S,G10S,,,
YML,4,1,LIBS,G10S,G10S,,,
YML,4,5,LIBS,G10T,G10T,,,
YML,5,1,LIBS,G11T,G11T,,,
YML,5,3,LIBS,G9D,G9D,,,
YML,5,4,LIBS,G10S,G10S,,,
YNS,1,1,VA,G7D,ART,,,
YNS,1,3,VA,G7M,ART,,,
YNS,1,5,VA,G7G,ART,,,
YNS,1,6,VA,G7T,ART,,,
YNS,2,1,CLP (non-lesson),CLP,SR5,,,
YNS,2,2,VA,G7L,ART,,,
YNS,2,3,CHIN,G9G,G9G,,,
YNS,2,4,CHIN,G9J,G9J,,,
YNS,2,5,CLP (non-lesson),CLP,SR5,,,
YNS,3,6,VA,G7P,ART,,,
YNS,4,3,CHIN,G9J,G9J,,,
YNS,4,4,CHIN,G9J,G9J,,,
YNS,4,5,CHIN,G9G,G9G,,,
YNS,4,6,CHIN,G9G,G9G,,,
YNS,5,2,CHIN,G9J,G9J,,,
YNS,5,5,VA,G7J,ART,,,
YNS,5,6,CHIN,G9G,G9G,,,
YSL,1,2,ENG,G7P,G7P,,,
YSL,2,1,ELIT,G9J,SR11A,ELIT,G9T,SR11A
YSL,2,3,ENG,G8A,G8A,,,
YSL,2,4,ENG,G7P,G7P,,,
YSL,2,5,ENG,G8P,G8P,,,
YSL,3,2,ELIT,G9P,G9P,,,
YSL,3,3,ENG,G8P,G8P,,,
YSL,3,5,ENG,G8A,G8A,,,
YSL,3,6,ELIT,G9J,SR11A,ELIT,G9T,SR11A
YSL,4,2,ENG,G8A,G8A,,,
YSL,4,3,ENG,G7P,G7P,,,
YSL,4,5,ENG,G8P,G8P,,,
YSL,5,2,ELIT,G9P,G9P,,,
YSL,5,3,ENG,G7P,G7P,,,
YSL,5,4,ENG,G8P,G8P,,,
YSL,5,6,ENG,G8A,G8A,,,
YTW,1,2,BIO,G10D,GS,BIO,G10S,GS
YTW,1,5,BIO-Y,G10J,G10S,BIO-Y,G10M,G10S
YTW,1,5,BIO-Y,G10S,G10S,BIO-Y,G10T,G10S
YTW,3,3,BIO,G10D,BIO,BIO,G10S,BIO
YTW,4,3,BIO-Y,G10J,BIO,BIO-Y,G10M,BIO
YTW,4,3,BIO-Y,G10S,BIO,BIO-Y,G10T,BIO
YTW,4,4,BIO,G10D,G10D,BIO,G10S,G10D
YTW,5,3,BIO-Y,G10J,GS,BIO-Y,G10M,GS
YTW,5,3,BIO-Y,G10S,GS,BIO-Y,G10T,GS
YWL,1,2,CHIN,G8M,G8M,,,
YWL,1,3,CHIN,G10J,G10T,CHIN,G10T,G10T
YWL,1,4,CHIN,G10J,G10T,CHIN,G10T,G10T
YWL,1,5,CLP (non-lesson),CLP,SR5,,,
YWL,2,1,CLP (non-lesson),CLP,SR5,,,
YWL,2,3,CHIN,G8M,G8M,,,
YWL,2,4,CHIN,G9J,SR6,CHIN,G9T,SR6
YWL,2,5,CLP (non-lesson),CLP,SR5,,,
YWL,3,1,CHIS,G9D,G9D,,,
YWL,3,2,CHIN,G10J,G10T,CHIN,G10T,G10T
YWL,3,5,CHIN,G8M,G8M,,,
YWL,3,6,CHIN,G8M,G8M,,,
YWL,4,2,CHIN,G10J,G10T,CHIN,G10T,G10T
YWL,4,3,CHIN,G9J,SR6,CHIN,G9T,SR6
YWL,4,4,CHIN,G9J,SR6,CHIN,G9T,SR6
YWL,5,1,CHIS,G8T,G8T,,,
YWL,5,2,CHIN,G9J,SR6,CHIN,G9T,SR6
YWL,5,3,CHIN,G8M,G8M,,,
YWL,5,5,CHIN,G10J,G10T,CHIN,G10T,G10T
YWL,5,6,CLP (non-lesson),CLP,SR5,,,
YYC,1,4,ENG,G9G,G9G,,,
YYC,1,5,ENG,G8J,SR7,ENG,G8T,SR7
YYC,1,6,ENG,G11J,SR11A,ENG,G11T,SR11A
YYC,2,1,ENG,G9G,G9G,,,
YYC,2,2,RE,G7A,G7A,,,
YYC,2,3,CLP (non-lesson),CLP,GSCC,,,
YYC,2,4,RE,G7G,G7G,,,
YYC,3,3,ENG,G11J,SR11A,ENG,G11T,SR11A
YYC,3,5,ENG,G8J,SR7,ENG,G8T,SR7
YYC,4,1,ENG,G11J,SR11A,ENG,G11T,SR11A
YYC,4,2,ENG,G8J,SR7,ENG,G8T,SR7
YYC,4,3,ENG,G9G,G9G,,,
YYC,4,6,ELIT,G8J,SR10B,ELIT,G8T,SR10B
YYC,5,2,ENG,G11J,SR11A,ENG,G11T,SR11A
YYC,5,3,ELIT,G8J,SR10B,ELIT,G8T,SR10B
YYC,5,4,ENG,G9G,G9G,,,
YYC,5,6,ENG,G8J,SR7,ENG,G8T,SR7
ZY,1,2,MATH,G7T,G7T,,,
ZY,1,3,MACO,G12T,G12T,,,
ZY,1,4,MACO,G11J,G11J,,,
ZY,1,5,MATH,G7M,G7M,,,
ZY,2,1,MACO,G12T,G12T,,,
ZY,2,5,MATH,G7M,G7M,,,
ZY,2,6,MATH,G7T,G7T,,,
ZY,3,1,MATH,G7M,G7M,,,
ZY,3,2,MATH,G7T,G7T,,,
ZY,3,6,MACO,G11J,G11J,,,
ZY,4,1,MACO,G12T,G12T,,,
ZY,4,2,MACO,G11J,G11J,,,
ZY,4,3,MATH,G7T,G7T,,,
ZY,5,2,MATH,G7M,G7M,,,
ZY,5,5,MACO,G12T,G12T,,,
CCY,1,5,IB,IB,IB,,,
CCY,1,6,IB,IB,IB,,,
CCY,2,5,IB,IB,IB,,,
CCY,4,4,IB,IB,IB,,,
CCY,4,5,IB,IB,IB,,,
CCY,4,6,IB,IB,IB,,,
CCY,5,3,IB,IB,IB,,,
JMS,1,3,IB,IB,IB,,,
JMS,1,5,IB,IB,IB,,,
JMS,1,6,IB,IB,IB,,,
JMS,2,3,IB,IB,IB,,,
JMS,2,4,IB,IB,IB,,,
JMS,2,5,IB,IB,IB,,,
JMS,2,6,IB,IB,IB,,,
JMS,4,1,IB,IB,IB,,,
JMS,4,4,IB,IB,IB,,,
JMS,4,5,IB,IB,IB,,,
JMS,4,6,IB,IB,IB,,,
JMS,5,1,IB,IB,IB,,,
JMS,5,2,IB,IB,IB,,,
JMS,5,3,IB,IB,IB,,,
FS,1,4,IB,IB,IB,,,
FS,2,5,IB,IB,IB,,,
FS,2,6,IB,IB,IB,,,
FS,4,4,IB,IB,IB,,,
FS,5,3,IB,IB,IB,,,
KY,2,4,IB,IB,IB,,,
KY,2,5,IB,IB,IB,,,
KY,2,6,IB,IB,IB,,,
WL,1,1,IB,IB,IB,,,
WL,1,2,IB,IB,IB,,,
WL,2,3,IB,IB,IB,,,
WL,3,4,IB,IB,IB,,,
WL,3,6,IB,IB,IB,,,
WL,4,1,IB,IB,IB,,,
WL,4,4,IB,IB,IB,,,
WL,5,2,IB,IB,IB,,,
WL,5,3,IB,IB,IB,,,
WL,5,5,IB,IB,IB,,,
EW,5,5,CLP (non-lesson),CLP,IB,,,
SKL,5,5,CLP (non-lesson),CLP,IB,,,
FW,5,5,CLP (non-lesson),CLP,IB,,,
CKC,5,5,CLP (non-lesson),CLP,IB,,,
CYY,5,5,CLP (non-lesson),CLP,IB,,,
KCY,5,5,CLP (non-lesson),CLP,IB,,,
CLH,5,5,CLP (non-lesson),CLP,IB,,,
YML,5,5,CLP (non-lesson),CLP,IB,,,
EW,5,6,CLP (non-lesson),CLP,IB,,,
SKL,5,6,CLP (non-lesson),CLP,IB,,,
FW,5,6,CLP (non-lesson),CLP,IB,,,
CKC,5,6,CLP (non-lesson),CLP,IB,,,
CYY,5,6,CLP (non-lesson),CLP,IB,,,
KCY,5,6,CLP (non-lesson),CLP,IB,,,
CLH,5,6,CLP (non-lesson),CLP,IB,,,
YML,5,6,CLP (non-lesson),CLP,IB,,,
